2026-08-17T20:41:39.339302Z  INFO lambo::memory: Memory session attached (daemon + flush + canonization running) session=c-load-20260818 agent=c-load existing=false match_strategy=Hybrid embedder=fixture dim=1024
2026-08-17T20:41:39.339407Z  INFO lambo::mcp::serve: lambo serve: session attached session=c-load-20260818 agent=c-load transport=Http
2026-08-17T20:41:39.339448Z  INFO lambo::mcp::serve: mcp http: request guard armed auth_required=true max_sessions=32 rate_limit_rps=50
2026-08-17T20:41:39.339636Z  INFO lambo::mcp::serve: mcp http: listening on /mcp addr=127.0.0.1:7700
2026-08-17T20:41:39.701579Z  WARN lambo::mcp::serve: mcp http: refusing a new session — at the concurrent-session cap live=32 max=32
2026-08-17T20:41:39.713695Z  WARN lambo::hybrid: hybrid matching disabled: store lacks VECTOR_SEARCH — degrading to MatchStrategy::Canonical (creating keyword-only concept) session=c-load-20260818
2026-08-17T20:41:39.718939Z  WARN lambo::mcp::serve: mcp http: request refused by the rate limit
2026-08-17T20:41:39.719009Z  WARN lambo::mcp::serve: mcp http: request refused by the rate limit
2026-08-17T20:41:39.719009Z  WARN lambo::mcp::serve: mcp http: request refused by the rate limit
2026-08-17T20:41:39.720974Z  WARN lambo::mcp::serve: mcp http: request refused by the rate limit
2026-08-17T20:41:39.721564Z  WARN lambo::mcp::serve: mcp http: request refused by the rate limit
2026-08-17T20:41:39.721579Z  WARN lambo::mcp::serve: mcp http: request refused by the rate limit
2026-08-17T20:41:39.721641Z  WARN lambo::mcp::serve: mcp http: request refused by the rate limit
2026-08-17T20:41:39.721910Z  WARN lambo::mcp::serve: mcp http: request refused by the rate limit
2026-08-17T20:41:39.723173Z  WARN lambo::mcp::serve: mcp http: request refused by the rate limit
2026-08-17T20:41:39.723374Z  WARN lambo::mcp::serve: mcp http: request refused by the rate limit
2026-08-17T20:41:39.724370Z  WARN lambo::mcp::serve: mcp http: request refused by the rate limit
2026-08-17T20:41:39.724679Z  WARN lambo::mcp::serve: mcp http: request refused by the rate limit
2026-08-17T20:41:39.724808Z  WARN lambo::mcp::serve: mcp http: request refused by the rate limit
2026-08-17T20:41:39.724877Z  WARN lambo::mcp::serve: mcp http: request refused by the rate limit
2026-08-17T20:41:39.725161Z  WARN lambo::mcp::serve: mcp http: request refused by the rate limit
2026-08-17T20:41:39.725453Z  WARN lambo::mcp::serve: mcp http: request refused by the rate limit
2026-08-17T20:41:39.726429Z  WARN lambo::mcp::serve: mcp http: request refused by the rate limit
2026-08-17T20:41:39.726436Z  WARN lambo::mcp::serve: mcp http: request refused by the rate limit
2026-08-17T20:41:39.726505Z  WARN lambo::mcp::serve: mcp http: request refused by the rate limit
2026-08-17T20:41:39.727165Z  WARN lambo::mcp::serve: mcp http: request refused by the rate limit
2026-08-17T20:41:39.727374Z  WARN lambo::mcp::serve: mcp http: request refused by the rate limit
2026-08-17T20:41:39.727451Z  WARN lambo::mcp::serve: mcp http: request refused by the rate limit
2026-08-17T20:41:39.728054Z  WARN lambo::mcp::serve: mcp http: request refused by the rate limit
2026-08-17T20:41:39.728756Z  WARN lambo::mcp::serve: mcp http: request refused by the rate limit
2026-08-17T20:41:39.728765Z  WARN lambo::mcp::serve: mcp http: request refused by the rate limit
2026-08-17T20:41:39.728951Z  WARN lambo::mcp::serve: mcp http: request refused by the rate limit
2026-08-17T20:41:39.729651Z  WARN lambo::mcp::serve: mcp http: request refused by the rate limit
2026-08-17T20:41:39.729772Z  WARN lambo::mcp::serve: mcp http: request refused by the rate limit
2026-08-17T20:41:39.729817Z  WARN lambo::mcp::serve: mcp http: request refused by the rate limit
2026-08-17T20:41:39.730388Z  WARN lambo::mcp::serve: mcp http: request refused by the rate limit
2026-08-17T20:41:39.730695Z  WARN lambo::mcp::serve: mcp http: request refused by the rate limit
2026-08-17T20:41:39.731106Z  WARN lambo::mcp::serve: mcp http: request refused by the rate limit
2026-08-17T20:41:39.731812Z  WARN lambo::mcp::serve: mcp http: request refused by the rate limit
2026-08-17T20:41:39.732082Z  WARN lambo::mcp::serve: mcp http: request refused by the rate limit
2026-08-17T20:41:39.732394Z  WARN lambo::mcp::serve: mcp http: request refused by the rate limit
2026-08-17T20:41:39.732470Z  WARN lambo::mcp::serve: mcp http: request refused by the rate limit
2026-08-17T20:41:39.732702Z  WARN lambo::mcp::serve: mcp http: request refused by the rate limit
2026-08-17T20:41:39.732979Z  WARN lambo::mcp::serve: mcp http: request refused by the rate limit
2026-08-17T20:41:39.732999Z  WARN lambo::mcp::serve: mcp http: request refused by the rate limit
2026-08-17T20:41:39.733345Z  WARN lambo::mcp::serve: mcp http: request refused by the rate limit
2026-08-17T20:41:39.733837Z  WARN lambo::mcp::serve: mcp http: request refused by the rate limit
2026-08-17T20:41:39.734604Z  WARN lambo::mcp::serve: mcp http: request refused by the rate limit
2026-08-17T20:41:39.734877Z  WARN lambo::mcp::serve: mcp http: request refused by the rate limit
2026-08-17T20:41:39.735056Z  WARN lambo::mcp::serve: mcp http: request refused by the rate limit
2026-08-17T20:41:39.735564Z  WARN lambo::mcp::serve: mcp http: request refused by the rate limit
2026-08-17T20:41:39.735826Z  WARN lambo::mcp::serve: mcp http: request refused by the rate limit
2026-08-17T20:41:39.735956Z  WARN lambo::mcp::serve: mcp http: request refused by the rate limit
2026-08-17T20:41:39.736572Z  WARN lambo::mcp::serve: mcp http: request refused by the rate limit
2026-08-17T20:41:39.737016Z  WARN lambo::mcp::serve: mcp http: request refused by the rate limit
2026-08-17T20:41:39.737204Z  WARN lambo::mcp::serve: mcp http: request refused by the rate limit
2026-08-17T20:41:39.737276Z  WARN lambo::mcp::serve: mcp http: request refused by the rate limit
2026-08-17T20:41:39.737586Z  WARN lambo::mcp::serve: mcp http: request refused by the rate limit
2026-08-17T20:41:39.737590Z  WARN lambo::mcp::serve: mcp http: request refused by the rate limit
2026-08-17T20:41:39.738550Z  WARN lambo::mcp::serve: mcp http: request refused by the rate limit
2026-08-17T20:41:39.738977Z  WARN lambo::mcp::serve: mcp http: request refused by the rate limit
2026-08-17T20:41:39.739217Z  WARN lambo::mcp::serve: mcp http: request refused by the rate limit
2026-08-17T20:41:39.739677Z  WARN lambo::mcp::serve: mcp http: request refused by the rate limit
2026-08-17T20:41:39.739694Z  WARN lambo::mcp::serve: mcp http: request refused by the rate limit
2026-08-17T20:41:39.739890Z  WARN lambo::mcp::serve: mcp http: request refused by the rate limit
2026-08-17T20:41:39.740830Z  WARN lambo::mcp::serve: mcp http: request refused by the rate limit
2026-08-17T20:41:39.741046Z  WARN lambo::mcp::serve: mcp http: request refused by the rate limit
2026-08-17T20:41:39.741059Z  WARN lambo::mcp::serve: mcp http: request refused by the rate limit
2026-08-17T20:41:39.741101Z  WARN lambo::mcp::serve: mcp http: request refused by the rate limit
2026-08-17T20:41:39.742005Z  WARN lambo::mcp::serve: mcp http: request refused by the rate limit
2026-08-17T20:41:39.742787Z  WARN lambo::mcp::serve: mcp http: request refused by the rate limit
2026-08-17T20:41:39.743011Z  WARN lambo::mcp::serve: mcp http: request refused by the rate limit
2026-08-17T20:41:39.743045Z  WARN lambo::mcp::serve: mcp http: request refused by the rate limit
2026-08-17T20:41:39.743742Z  WARN lambo::mcp::serve: mcp http: request refused by the rate limit
2026-08-17T20:41:39.743775Z  WARN lambo::mcp::serve: mcp http: request refused by the rate limit
2026-08-17T20:41:39.743956Z  WARN lambo::mcp::serve: mcp http: request refused by the rate limit
2026-08-17T20:41:39.744447Z  WARN lambo::mcp::serve: mcp http: request refused by the rate limit
2026-08-17T20:41:39.744698Z  WARN lambo::mcp::serve: mcp http: request refused by the rate limit
2026-08-17T20:41:39.745034Z  WARN lambo::mcp::serve: mcp http: request refused by the rate limit
2026-08-17T20:41:39.745414Z  WARN lambo::mcp::serve: mcp http: request refused by the rate limit
2026-08-17T20:41:39.745750Z  WARN lambo::mcp::serve: mcp http: request refused by the rate limit
2026-08-17T20:41:39.745905Z  WARN lambo::mcp::serve: mcp http: request refused by the rate limit
2026-08-17T20:41:39.746510Z  WARN lambo::mcp::serve: mcp http: request refused by the rate limit
2026-08-17T20:41:39.746845Z  WARN lambo::mcp::serve: mcp http: request refused by the rate limit
2026-08-17T20:41:39.747050Z  WARN lambo::mcp::serve: mcp http: request refused by the rate limit
2026-08-17T20:41:39.747196Z  WARN lambo::mcp::serve: mcp http: request refused by the rate limit
2026-08-17T20:41:39.748019Z  WARN lambo::mcp::serve: mcp http: request refused by the rate limit
2026-08-17T20:41:39.748218Z  WARN lambo::mcp::serve: mcp http: request refused by the rate limit
2026-08-17T20:41:39.748265Z  WARN lambo::mcp::serve: mcp http: request refused by the rate limit
2026-08-17T20:41:39.748811Z  WARN lambo::mcp::serve: mcp http: request refused by the rate limit
2026-08-17T20:41:39.749020Z  WARN lambo::mcp::serve: mcp http: request refused by the rate limit
2026-08-17T20:41:39.749373Z  WARN lambo::mcp::serve: mcp http: request refused by the rate limit
2026-08-17T20:41:39.750010Z  WARN lambo::mcp::serve: mcp http: request refused by the rate limit
2026-08-17T20:41:39.750339Z  WARN lambo::mcp::serve: mcp http: request refused by the rate limit
2026-08-17T20:41:39.750441Z  WARN lambo::mcp::serve: mcp http: request refused by the rate limit
2026-08-17T20:41:39.750440Z  WARN lambo::mcp::serve: mcp http: request refused by the rate limit
2026-08-17T20:41:39.751338Z  WARN lambo::mcp::serve: mcp http: request refused by the rate limit
2026-08-17T20:41:39.751547Z  WARN lambo::mcp::serve: mcp http: request refused by the rate limit
2026-08-17T20:41:39.751754Z  WARN lambo::mcp::serve: mcp http: request refused by the rate limit
2026-08-17T20:41:39.752433Z  WARN lambo::mcp::serve: mcp http: request refused by the rate limit
2026-08-17T20:41:39.752954Z  WARN lambo::mcp::serve: mcp http: request refused by the rate limit
2026-08-17T20:41:39.753169Z  WARN lambo::mcp::serve: mcp http: request refused by the rate limit
2026-08-17T20:41:39.753224Z  WARN lambo::mcp::serve: mcp http: request refused by the rate limit
2026-08-17T20:41:39.753485Z  WARN lambo::mcp::serve: mcp http: request refused by the rate limit
2026-08-17T20:41:39.753710Z  WARN lambo::mcp::serve: mcp http: request refused by the rate limit
2026-08-17T20:41:39.754322Z  WARN lambo::mcp::serve: mcp http: request refused by the rate limit
2026-08-17T20:41:39.754500Z  WARN lambo::mcp::serve: mcp http: request refused by the rate limit
2026-08-17T20:41:39.754720Z  WARN lambo::mcp::serve: mcp http: request refused by the rate limit
2026-08-17T20:41:39.755268Z  WARN lambo::mcp::serve: mcp http: request refused by the rate limit
2026-08-17T20:41:39.755464Z  WARN lambo::mcp::serve: mcp http: request refused by the rate limit
2026-08-17T20:41:39.756101Z  WARN lambo::mcp::serve: mcp http: request refused by the rate limit
2026-08-17T20:41:39.756145Z  WARN lambo::mcp::serve: mcp http: request refused by the rate limit
2026-08-17T20:41:39.756426Z  WARN lambo::mcp::serve: mcp http: request refused by the rate limit
2026-08-17T20:41:39.756811Z  WARN lambo::mcp::serve: mcp http: request refused by the rate limit
2026-08-17T20:41:39.757190Z  WARN lambo::mcp::serve: mcp http: request refused by the rate limit
2026-08-17T20:41:39.757374Z  WARN lambo::mcp::serve: mcp http: request refused by the rate limit
2026-08-17T20:41:39.757399Z  WARN lambo::mcp::serve: mcp http: request refused by the rate limit
2026-08-17T20:41:39.758093Z  WARN lambo::mcp::serve: mcp http: request refused by the rate limit
2026-08-17T20:41:39.758325Z  WARN lambo::mcp::serve: mcp http: request refused by the rate limit
2026-08-17T20:41:39.758573Z  WARN lambo::mcp::serve: mcp http: request refused by the rate limit
2026-08-17T20:41:39.759212Z  WARN lambo::mcp::serve: mcp http: request refused by the rate limit
2026-08-17T20:41:39.759519Z  WARN lambo::mcp::serve: mcp http: request refused by the rate limit
2026-08-17T20:41:39.759904Z  WARN lambo::mcp::serve: mcp http: request refused by the rate limit
2026-08-17T20:41:39.759925Z  WARN lambo::mcp::serve: mcp http: request refused by the rate limit
2026-08-17T20:41:39.760732Z  WARN lambo::mcp::serve: mcp http: request refused by the rate limit
2026-08-17T20:41:39.761089Z  WARN lambo::mcp::serve: mcp http: request refused by the rate limit
2026-08-17T20:41:39.761538Z  WARN lambo::mcp::serve: mcp http: request refused by the rate limit
2026-08-17T20:41:39.762161Z  WARN lambo::mcp::serve: mcp http: request refused by the rate limit
2026-08-17T20:41:39.762396Z  WARN lambo::mcp::serve: mcp http: request refused by the rate limit
2026-08-17T20:41:39.762417Z  WARN lambo::mcp::serve: mcp http: request refused by the rate limit
2026-08-17T20:41:39.763218Z  WARN lambo::mcp::serve: mcp http: request refused by the rate limit
2026-08-17T20:41:39.763595Z  WARN lambo::mcp::serve: mcp http: request refused by the rate limit
2026-08-17T20:41:39.763983Z  WARN lambo::mcp::serve: mcp http: request refused by the rate limit
2026-08-17T20:41:39.764215Z  WARN lambo::mcp::serve: mcp http: request refused by the rate limit
2026-08-17T20:41:39.764443Z  WARN lambo::mcp::serve: mcp http: request refused by the rate limit
2026-08-17T20:41:39.765013Z  WARN lambo::mcp::serve: mcp http: request refused by the rate limit
2026-08-17T20:41:39.765218Z  WARN lambo::mcp::serve: mcp http: request refused by the rate limit
2026-08-17T20:41:39.765350Z  WARN lambo::mcp::serve: mcp http: request refused by the rate limit
2026-08-17T20:41:39.765499Z  WARN lambo::mcp::serve: mcp http: request refused by the rate limit
2026-08-17T20:41:39.765852Z  WARN lambo::mcp::serve: mcp http: request refused by the rate limit
2026-08-17T20:41:39.766097Z  WARN lambo::mcp::serve: mcp http: request refused by the rate limit
2026-08-17T20:41:39.766285Z  WARN lambo::mcp::serve: mcp http: request refused by the rate limit
2026-08-17T20:41:39.766714Z  WARN lambo::mcp::serve: mcp http: request refused by the rate limit
2026-08-17T20:41:39.766823Z  WARN lambo::mcp::serve: mcp http: request refused by the rate limit
2026-08-17T20:41:39.767581Z  WARN lambo::mcp::serve: mcp http: request refused by the rate limit
2026-08-17T20:41:39.767809Z  WARN lambo::mcp::serve: mcp http: request refused by the rate limit
2026-08-17T20:41:39.767862Z  WARN lambo::mcp::serve: mcp http: request refused by the rate limit
2026-08-17T20:41:39.768398Z  WARN lambo::mcp::serve: mcp http: request refused by the rate limit
2026-08-17T20:41:39.768817Z  WARN lambo::mcp::serve: mcp http: request refused by the rate limit
2026-08-17T20:41:39.769178Z  WARN lambo::mcp::serve: mcp http: request refused by the rate limit
2026-08-17T20:41:39.769377Z  WARN lambo::mcp::serve: mcp http: request refused by the rate limit
2026-08-17T20:41:39.769534Z  WARN lambo::mcp::serve: mcp http: request refused by the rate limit
2026-08-17T20:41:39.769967Z  WARN lambo::mcp::serve: mcp http: request refused by the rate limit
2026-08-17T20:41:39.770481Z  WARN lambo::mcp::serve: mcp http: request refused by the rate limit
2026-08-17T20:41:39.770701Z  WARN lambo::mcp::serve: mcp http: request refused by the rate limit
2026-08-17T20:41:39.770726Z  WARN lambo::mcp::serve: mcp http: request refused by the rate limit
2026-08-17T20:41:39.771499Z  WARN lambo::mcp::serve: mcp http: request refused by the rate limit
2026-08-17T20:41:39.771692Z  WARN lambo::mcp::serve: mcp http: request refused by the rate limit
2026-08-17T20:41:39.771741Z  WARN lambo::mcp::serve: mcp http: request refused by the rate limit
2026-08-17T20:41:39.772113Z  WARN lambo::mcp::serve: mcp http: request refused by the rate limit
2026-08-17T20:41:39.772427Z  WARN lambo::mcp::serve: mcp http: request refused by the rate limit
2026-08-17T20:41:39.772822Z  WARN lambo::mcp::serve: mcp http: request refused by the rate limit
2026-08-17T20:41:39.773069Z  WARN lambo::mcp::serve: mcp http: request refused by the rate limit
2026-08-17T20:41:39.773516Z  WARN lambo::mcp::serve: mcp http: request refused by the rate limit
2026-08-17T20:41:39.774017Z  WARN lambo::mcp::serve: mcp http: request refused by the rate limit
2026-08-17T20:41:39.774192Z  WARN lambo::mcp::serve: mcp http: request refused by the rate limit
2026-08-17T20:41:39.774700Z  WARN lambo::mcp::serve: mcp http: request refused by the rate limit
2026-08-17T20:41:39.774712Z  WARN lambo::mcp::serve: mcp http: request refused by the rate limit
2026-08-17T20:41:39.774736Z  WARN lambo::mcp::serve: mcp http: request refused by the rate limit
2026-08-17T20:41:39.775698Z  WARN lambo::mcp::serve: mcp http: request refused by the rate limit
2026-08-17T20:41:39.775876Z  WARN lambo::mcp::serve: mcp http: request refused by the rate limit
2026-08-17T20:41:39.775896Z  WARN lambo::mcp::serve: mcp http: request refused by the rate limit
2026-08-17T20:41:39.776140Z  WARN lambo::mcp::serve: mcp http: request refused by the rate limit
2026-08-17T20:41:39.776616Z  WARN lambo::mcp::serve: mcp http: request refused by the rate limit
2026-08-17T20:41:39.777079Z  WARN lambo::mcp::serve: mcp http: request refused by the rate limit
2026-08-17T20:41:39.777350Z  WARN lambo::mcp::serve: mcp http: request refused by the rate limit
2026-08-17T20:41:39.777768Z  WARN lambo::mcp::serve: mcp http: request refused by the rate limit
2026-08-17T20:41:39.778164Z  WARN lambo::mcp::serve: mcp http: request refused by the rate limit
2026-08-17T20:41:39.778483Z  WARN lambo::mcp::serve: mcp http: request refused by the rate limit
2026-08-17T20:41:39.778954Z  WARN lambo::mcp::serve: mcp http: request refused by the rate limit
2026-08-17T20:41:39.779239Z  WARN lambo::mcp::serve: mcp http: request refused by the rate limit
2026-08-17T20:41:39.779533Z  WARN lambo::mcp::serve: mcp http: request refused by the rate limit
2026-08-17T20:41:39.779568Z  WARN lambo::mcp::serve: mcp http: request refused by the rate limit
2026-08-17T20:41:39.780468Z  WARN lambo::mcp::serve: mcp http: request refused by the rate limit
2026-08-17T20:41:39.781073Z  WARN lambo::mcp::serve: mcp http: request refused by the rate limit
2026-08-17T20:41:39.781190Z  WARN lambo::mcp::serve: mcp http: request refused by the rate limit
2026-08-17T20:41:39.781781Z  WARN lambo::mcp::serve: mcp http: request refused by the rate limit
2026-08-17T20:41:39.782003Z  WARN lambo::mcp::serve: mcp http: request refused by the rate limit
2026-08-17T20:41:39.782022Z  WARN lambo::mcp::serve: mcp http: request refused by the rate limit
2026-08-17T20:41:39.782355Z  WARN lambo::mcp::serve: mcp http: request refused by the rate limit
2026-08-17T20:41:39.782551Z  WARN lambo::mcp::serve: mcp http: request refused by the rate limit
2026-08-17T20:41:39.782725Z  WARN lambo::mcp::serve: mcp http: request refused by the rate limit
2026-08-17T20:41:39.783955Z  WARN lambo::mcp::serve: mcp http: request refused by the rate limit
2026-08-17T20:41:39.784360Z  WARN lambo::mcp::serve: mcp http: request refused by the rate limit
2026-08-17T20:41:39.784589Z  WARN lambo::mcp::serve: mcp http: request refused by the rate limit
2026-08-17T20:41:39.784661Z  WARN lambo::mcp::serve: mcp http: request refused by the rate limit
2026-08-17T20:41:39.784673Z  WARN lambo::mcp::serve: mcp http: request refused by the rate limit
2026-08-17T20:41:39.785977Z  WARN lambo::mcp::serve: mcp http: request refused by the rate limit
2026-08-17T20:41:39.785987Z  WARN lambo::mcp::serve: mcp http: request refused by the rate limit
2026-08-17T20:41:39.786007Z  WARN lambo::mcp::serve: mcp http: request refused by the rate limit
2026-08-17T20:41:39.786738Z  WARN lambo::mcp::serve: mcp http: request refused by the rate limit
2026-08-17T20:41:39.786935Z  WARN lambo::mcp::serve: mcp http: request refused by the rate limit
2026-08-17T20:41:39.786957Z  WARN lambo::mcp::serve: mcp http: request refused by the rate limit
2026-08-17T20:41:39.787095Z  WARN lambo::mcp::serve: mcp http: request refused by the rate limit
2026-08-17T20:41:39.787677Z  WARN lambo::mcp::serve: mcp http: request refused by the rate limit
2026-08-17T20:41:39.788308Z  WARN lambo::mcp::serve: mcp http: request refused by the rate limit
2026-08-17T20:41:39.788589Z  WARN lambo::mcp::serve: mcp http: request refused by the rate limit
2026-08-17T20:41:39.789118Z  WARN lambo::mcp::serve: mcp http: request refused by the rate limit
2026-08-17T20:41:39.789155Z  WARN lambo::mcp::serve: mcp http: request refused by the rate limit
2026-08-17T20:41:39.789438Z  WARN lambo::mcp::serve: mcp http: request refused by the rate limit
2026-08-17T20:41:39.789739Z  WARN lambo::mcp::serve: mcp http: request refused by the rate limit
2026-08-17T20:41:39.790095Z  WARN lambo::mcp::serve: mcp http: request refused by the rate limit
2026-08-17T20:41:39.790342Z  WARN lambo::mcp::serve: mcp http: request refused by the rate limit
2026-08-17T20:41:39.790619Z  WARN lambo::mcp::serve: mcp http: request refused by the rate limit
2026-08-17T20:41:39.791362Z  WARN lambo::mcp::serve: mcp http: request refused by the rate limit
2026-08-17T20:41:39.791573Z  WARN lambo::mcp::serve: mcp http: request refused by the rate limit
2026-08-17T20:41:39.791592Z  WARN lambo::mcp::serve: mcp http: request refused by the rate limit
2026-08-17T20:41:39.792260Z  WARN lambo::mcp::serve: mcp http: request refused by the rate limit
2026-08-17T20:41:39.792520Z  WARN lambo::mcp::serve: mcp http: request refused by the rate limit
2026-08-17T20:41:39.792960Z  WARN lambo::mcp::serve: mcp http: request refused by the rate limit
2026-08-17T20:41:39.793259Z  WARN lambo::mcp::serve: mcp http: request refused by the rate limit
2026-08-17T20:41:39.793447Z  WARN lambo::mcp::serve: mcp http: request refused by the rate limit
2026-08-17T20:41:39.793494Z  WARN lambo::mcp::serve: mcp http: request refused by the rate limit
2026-08-17T20:41:39.793683Z  WARN lambo::mcp::serve: mcp http: request refused by the rate limit
2026-08-17T20:41:39.794469Z  WARN lambo::mcp::serve: mcp http: request refused by the rate limit
2026-08-17T20:41:39.794853Z  WARN lambo::mcp::serve: mcp http: request refused by the rate limit
2026-08-17T20:41:39.795166Z  WARN lambo::mcp::serve: mcp http: request refused by the rate limit
2026-08-17T20:41:39.795479Z  WARN lambo::mcp::serve: mcp http: request refused by the rate limit
2026-08-17T20:41:39.795742Z  WARN lambo::mcp::serve: mcp http: request refused by the rate limit
2026-08-17T20:41:39.796099Z  WARN lambo::mcp::serve: mcp http: request refused by the rate limit
2026-08-17T20:41:39.796642Z  WARN lambo::mcp::serve: mcp http: request refused by the rate limit
2026-08-17T20:41:39.796814Z  WARN lambo::mcp::serve: mcp http: request refused by the rate limit
2026-08-17T20:41:39.797641Z  WARN lambo::mcp::serve: mcp http: request refused by the rate limit
2026-08-17T20:41:39.797903Z  WARN lambo::mcp::serve: mcp http: request refused by the rate limit
2026-08-17T20:41:39.797998Z  WARN lambo::mcp::serve: mcp http: request refused by the rate limit
2026-08-17T20:41:39.798010Z  WARN lambo::mcp::serve: mcp http: request refused by the rate limit
2026-08-17T20:41:39.798845Z  WARN lambo::mcp::serve: mcp http: request refused by the rate limit
2026-08-17T20:41:39.799123Z  WARN lambo::mcp::serve: mcp http: request refused by the rate limit
2026-08-17T20:41:39.799605Z  WARN lambo::mcp::serve: mcp http: request refused by the rate limit
2026-08-17T20:41:39.799803Z  WARN lambo::mcp::serve: mcp http: request refused by the rate limit
2026-08-17T20:41:39.800044Z  WARN lambo::mcp::serve: mcp http: request refused by the rate limit
2026-08-17T20:41:39.800734Z  WARN lambo::mcp::serve: mcp http: request refused by the rate limit
2026-08-17T20:41:39.801086Z  WARN lambo::mcp::serve: mcp http: request refused by the rate limit
2026-08-17T20:41:39.801610Z  WARN lambo::mcp::serve: mcp http: request refused by the rate limit
2026-08-17T20:41:39.801768Z  WARN lambo::mcp::serve: mcp http: request refused by the rate limit
2026-08-17T20:41:39.802132Z  WARN lambo::mcp::serve: mcp http: request refused by the rate limit
2026-08-17T20:41:39.802344Z  WARN lambo::mcp::serve: mcp http: request refused by the rate limit
2026-08-17T20:41:39.802748Z  WARN lambo::mcp::serve: mcp http: request refused by the rate limit
2026-08-17T20:41:39.803190Z  WARN lambo::mcp::serve: mcp http: request refused by the rate limit
2026-08-17T20:41:39.803750Z  WARN lambo::mcp::serve: mcp http: request refused by the rate limit
2026-08-17T20:41:39.804105Z  WARN lambo::mcp::serve: mcp http: request refused by the rate limit
2026-08-17T20:41:39.804237Z  WARN lambo::mcp::serve: mcp http: request refused by the rate limit
2026-08-17T20:41:39.804418Z  WARN lambo::mcp::serve: mcp http: request refused by the rate limit
2026-08-17T20:41:39.804458Z  WARN lambo::mcp::serve: mcp http: request refused by the rate limit
2026-08-17T20:41:39.804969Z  WARN lambo::mcp::serve: mcp http: request refused by the rate limit
2026-08-17T20:41:39.805405Z  WARN lambo::mcp::serve: mcp http: request refused by the rate limit
2026-08-17T20:41:39.806072Z  WARN lambo::mcp::serve: mcp http: request refused by the rate limit
2026-08-17T20:41:39.806343Z  WARN lambo::mcp::serve: mcp http: request refused by the rate limit
2026-08-17T20:41:39.806806Z  WARN lambo::mcp::serve: mcp http: request refused by the rate limit
2026-08-17T20:41:39.807019Z  WARN lambo::mcp::serve: mcp http: request refused by the rate limit
2026-08-17T20:41:39.807317Z  WARN lambo::mcp::serve: mcp http: request refused by the rate limit
2026-08-17T20:41:39.807826Z  WARN lambo::mcp::serve: mcp http: request refused by the rate limit
2026-08-17T20:41:39.808043Z  WARN lambo::mcp::serve: mcp http: request refused by the rate limit
2026-08-17T20:41:39.808085Z  WARN lambo::mcp::serve: mcp http: request refused by the rate limit
2026-08-17T20:41:39.808102Z  WARN lambo::mcp::serve: mcp http: request refused by the rate limit
2026-08-17T20:41:39.808429Z  WARN lambo::mcp::serve: mcp http: request refused by the rate limit
2026-08-17T20:41:39.808641Z  WARN lambo::mcp::serve: mcp http: request refused by the rate limit
2026-08-17T20:41:39.809226Z  WARN lambo::mcp::serve: mcp http: request refused by the rate limit
2026-08-17T20:41:39.810262Z  WARN lambo::mcp::serve: mcp http: request refused by the rate limit
2026-08-17T20:41:39.810493Z  WARN lambo::mcp::serve: mcp http: request refused by the rate limit
2026-08-17T20:41:39.810597Z  WARN lambo::mcp::serve: mcp http: request refused by the rate limit
2026-08-17T20:41:39.810698Z  WARN lambo::mcp::serve: mcp http: request refused by the rate limit
2026-08-17T20:41:39.811430Z  WARN lambo::mcp::serve: mcp http: request refused by the rate limit
2026-08-17T20:41:39.811748Z  WARN lambo::mcp::serve: mcp http: request refused by the rate limit
2026-08-17T20:41:39.812032Z  WARN lambo::mcp::serve: mcp http: request refused by the rate limit
2026-08-17T20:41:39.812751Z  WARN lambo::mcp::serve: mcp http: request refused by the rate limit
2026-08-17T20:41:39.812965Z  WARN lambo::mcp::serve: mcp http: request refused by the rate limit
2026-08-17T20:41:39.812989Z  WARN lambo::mcp::serve: mcp http: request refused by the rate limit
2026-08-17T20:41:39.813356Z  WARN lambo::mcp::serve: mcp http: request refused by the rate limit
2026-08-17T20:41:39.813722Z  WARN lambo::mcp::serve: mcp http: request refused by the rate limit
2026-08-17T20:41:39.813946Z  WARN lambo::mcp::serve: mcp http: request refused by the rate limit
2026-08-17T20:41:39.814610Z  WARN lambo::mcp::serve: mcp http: request refused by the rate limit
2026-08-17T20:41:39.814904Z  WARN lambo::mcp::serve: mcp http: request refused by the rate limit
2026-08-17T20:41:39.815179Z  WARN lambo::mcp::serve: mcp http: request refused by the rate limit
2026-08-17T20:41:39.815734Z  WARN lambo::mcp::serve: mcp http: request refused by the rate limit
2026-08-17T20:41:39.815855Z  WARN lambo::mcp::serve: mcp http: request refused by the rate limit
2026-08-17T20:41:39.815867Z  WARN lambo::mcp::serve: mcp http: request refused by the rate limit
2026-08-17T20:41:39.816254Z  WARN lambo::mcp::serve: mcp http: request refused by the rate limit
2026-08-17T20:41:39.816807Z  WARN lambo::mcp::serve: mcp http: request refused by the rate limit
2026-08-17T20:41:39.817237Z  WARN lambo::mcp::serve: mcp http: request refused by the rate limit
2026-08-17T20:41:39.817625Z  WARN lambo::mcp::serve: mcp http: request refused by the rate limit
2026-08-17T20:41:39.817855Z  WARN lambo::mcp::serve: mcp http: request refused by the rate limit
2026-08-17T20:41:39.818195Z  WARN lambo::mcp::serve: mcp http: request refused by the rate limit
2026-08-17T20:41:39.818538Z  WARN lambo::mcp::serve: mcp http: request refused by the rate limit
2026-08-17T20:41:39.818744Z  WARN lambo::mcp::serve: mcp http: request refused by the rate limit
2026-08-17T20:41:39.818752Z  WARN lambo::mcp::serve: mcp http: request refused by the rate limit
2026-08-17T20:41:39.819662Z  WARN lambo::mcp::serve: mcp http: request refused by the rate limit
2026-08-17T20:41:39.819864Z  WARN lambo::mcp::serve: mcp http: request refused by the rate limit
2026-08-17T20:41:39.819871Z  WARN lambo::mcp::serve: mcp http: request refused by the rate limit
2026-08-17T20:41:39.820394Z  WARN lambo::mcp::serve: mcp http: request refused by the rate limit
2026-08-17T20:41:39.821062Z  WARN lambo::mcp::serve: mcp http: request refused by the rate limit
2026-08-17T20:41:39.821744Z  WARN lambo::mcp::serve: mcp http: request refused by the rate limit
2026-08-17T20:41:39.821907Z  WARN lambo::mcp::serve: mcp http: request refused by the rate limit
2026-08-17T20:41:39.821991Z  WARN lambo::mcp::serve: mcp http: request refused by the rate limit
2026-08-17T20:41:39.822530Z  WARN lambo::mcp::serve: mcp http: request refused by the rate limit
2026-08-17T20:41:39.822790Z  WARN lambo::mcp::serve: mcp http: request refused by the rate limit
2026-08-17T20:41:39.823499Z  WARN lambo::mcp::serve: mcp http: request refused by the rate limit
2026-08-17T20:41:39.823692Z  WARN lambo::mcp::serve: mcp http: request refused by the rate limit
2026-08-17T20:41:39.823796Z  WARN lambo::mcp::serve: mcp http: request refused by the rate limit
2026-08-17T20:41:39.824144Z  WARN lambo::mcp::serve: mcp http: request refused by the rate limit
2026-08-17T20:41:39.824502Z  WARN lambo::mcp::serve: mcp http: request refused by the rate limit
2026-08-17T20:41:39.825108Z  WARN lambo::mcp::serve: mcp http: request refused by the rate limit
2026-08-17T20:41:39.825179Z  WARN lambo::mcp::serve: mcp http: request refused by the rate limit
2026-08-17T20:41:39.825398Z  WARN lambo::mcp::serve: mcp http: request refused by the rate limit
2026-08-17T20:41:39.825652Z  WARN lambo::mcp::serve: mcp http: request refused by the rate limit
2026-08-17T20:41:39.826146Z  WARN lambo::mcp::serve: mcp http: request refused by the rate limit
2026-08-17T20:41:39.826280Z  WARN lambo::mcp::serve: mcp http: request refused by the rate limit
2026-08-17T20:41:39.826505Z  WARN lambo::mcp::serve: mcp http: request refused by the rate limit
2026-08-17T20:41:39.826663Z  WARN lambo::mcp::serve: mcp http: request refused by the rate limit
2026-08-17T20:41:39.827774Z  WARN lambo::mcp::serve: mcp http: request refused by the rate limit
2026-08-17T20:41:39.827976Z  WARN lambo::mcp::serve: mcp http: request refused by the rate limit
2026-08-17T20:41:39.828011Z  WARN lambo::mcp::serve: mcp http: request refused by the rate limit
2026-08-17T20:41:39.828323Z  WARN lambo::mcp::serve: mcp http: request refused by the rate limit
2026-08-17T20:41:39.828521Z  WARN lambo::mcp::serve: mcp http: request refused by the rate limit
2026-08-17T20:41:39.829154Z  WARN lambo::mcp::serve: mcp http: request refused by the rate limit
2026-08-17T20:41:39.829471Z  WARN lambo::mcp::serve: mcp http: request refused by the rate limit
2026-08-17T20:41:39.829757Z  WARN lambo::mcp::serve: mcp http: request refused by the rate limit
2026-08-17T20:41:39.830253Z  WARN lambo::mcp::serve: mcp http: request refused by the rate limit
2026-08-17T20:41:39.830455Z  WARN lambo::mcp::serve: mcp http: request refused by the rate limit
2026-08-17T20:41:39.830487Z  WARN lambo::mcp::serve: mcp http: request refused by the rate limit
2026-08-17T20:41:39.830526Z  WARN lambo::mcp::serve: mcp http: request refused by the rate limit
2026-08-17T20:41:39.831874Z  WARN lambo::mcp::serve: mcp http: request refused by the rate limit
2026-08-17T20:41:39.832088Z  WARN lambo::mcp::serve: mcp http: request refused by the rate limit
2026-08-17T20:41:39.832121Z  WARN lambo::mcp::serve: mcp http: request refused by the rate limit
2026-08-17T20:41:39.832121Z  WARN lambo::mcp::serve: mcp http: request refused by the rate limit
2026-08-17T20:41:39.832607Z  WARN lambo::mcp::serve: mcp http: request refused by the rate limit
2026-08-17T20:41:39.832915Z  WARN lambo::mcp::serve: mcp http: request refused by the rate limit
2026-08-17T20:41:39.833107Z  WARN lambo::mcp::serve: mcp http: request refused by the rate limit
2026-08-17T20:41:39.833397Z  WARN lambo::mcp::serve: mcp http: request refused by the rate limit
2026-08-17T20:41:39.833839Z  WARN lambo::mcp::serve: mcp http: request refused by the rate limit
2026-08-17T20:41:39.834576Z  WARN lambo::mcp::serve: mcp http: request refused by the rate limit
2026-08-17T20:41:39.834802Z  WARN lambo::mcp::serve: mcp http: request refused by the rate limit
2026-08-17T20:41:39.834876Z  WARN lambo::mcp::serve: mcp http: request refused by the rate limit
2026-08-17T20:41:39.835049Z  WARN lambo::mcp::serve: mcp http: request refused by the rate limit
2026-08-17T20:41:39.835092Z  WARN lambo::mcp::serve: mcp http: request refused by the rate limit
2026-08-17T20:41:39.835465Z  WARN lambo::mcp::serve: mcp http: request refused by the rate limit
2026-08-17T20:41:39.836190Z  WARN lambo::mcp::serve: mcp http: request refused by the rate limit
2026-08-17T20:41:39.836392Z  WARN lambo::mcp::serve: mcp http: request refused by the rate limit
2026-08-17T20:41:39.837237Z  WARN lambo::mcp::serve: mcp http: request refused by the rate limit
2026-08-17T20:41:39.837456Z  WARN lambo::mcp::serve: mcp http: request refused by the rate limit
2026-08-17T20:41:39.837536Z  WARN lambo::mcp::serve: mcp http: request refused by the rate limit
2026-08-17T20:41:39.838224Z  WARN lambo::mcp::serve: mcp http: request refused by the rate limit
2026-08-17T20:41:39.838435Z  WARN lambo::mcp::serve: mcp http: request refused by the rate limit
2026-08-17T20:41:39.838499Z  WARN lambo::mcp::serve: mcp http: request refused by the rate limit
2026-08-17T20:41:39.839146Z  WARN lambo::mcp::serve: mcp http: request refused by the rate limit
2026-08-17T20:41:39.839390Z  WARN lambo::mcp::serve: mcp http: request refused by the rate limit
2026-08-17T20:41:39.839474Z  WARN lambo::mcp::serve: mcp http: request refused by the rate limit
2026-08-17T20:41:39.840621Z  WARN lambo::mcp::serve: mcp http: request refused by the rate limit
2026-08-17T20:41:39.840656Z  WARN lambo::mcp::serve: mcp http: request refused by the rate limit
2026-08-17T20:41:39.840844Z  WARN lambo::mcp::serve: mcp http: request refused by the rate limit
2026-08-17T20:41:39.841246Z  WARN lambo::mcp::serve: mcp http: request refused by the rate limit
2026-08-17T20:41:39.841689Z  WARN lambo::mcp::serve: mcp http: request refused by the rate limit
2026-08-17T20:41:39.841893Z  WARN lambo::mcp::serve: mcp http: request refused by the rate limit
2026-08-17T20:41:39.842783Z  WARN lambo::mcp::serve: mcp http: request refused by the rate limit
2026-08-17T20:41:39.843005Z  WARN lambo::mcp::serve: mcp http: request refused by the rate limit
2026-08-17T20:41:39.843023Z  WARN lambo::mcp::serve: mcp http: request refused by the rate limit
2026-08-17T20:41:39.843659Z  WARN lambo::mcp::serve: mcp http: request refused by the rate limit
2026-08-17T20:41:39.844219Z  WARN lambo::mcp::serve: mcp http: request refused by the rate limit
2026-08-17T20:41:39.844580Z  WARN lambo::mcp::serve: mcp http: request refused by the rate limit
2026-08-17T20:41:39.844589Z  WARN lambo::mcp::serve: mcp http: request refused by the rate limit
2026-08-17T20:41:39.844594Z  WARN lambo::mcp::serve: mcp http: request refused by the rate limit
2026-08-17T20:41:39.845348Z  WARN lambo::mcp::serve: mcp http: request refused by the rate limit
2026-08-17T20:41:39.845960Z  WARN lambo::mcp::serve: mcp http: request refused by the rate limit
2026-08-17T20:41:39.845966Z  WARN lambo::mcp::serve: mcp http: request refused by the rate limit
2026-08-17T20:41:39.845981Z  WARN lambo::mcp::serve: mcp http: request refused by the rate limit
2026-08-17T20:41:39.846602Z  WARN lambo::mcp::serve: mcp http: request refused by the rate limit
2026-08-17T20:41:39.847319Z  WARN lambo::mcp::serve: mcp http: request refused by the rate limit
2026-08-17T20:41:39.847529Z  WARN lambo::mcp::serve: mcp http: request refused by the rate limit
2026-08-17T20:41:39.847635Z  WARN lambo::mcp::serve: mcp http: request refused by the rate limit
2026-08-17T20:41:39.847669Z  WARN lambo::mcp::serve: mcp http: request refused by the rate limit
2026-08-17T20:41:39.847690Z  WARN lambo::mcp::serve: mcp http: request refused by the rate limit
2026-08-17T20:41:39.848342Z  WARN lambo::mcp::serve: mcp http: request refused by the rate limit
2026-08-17T20:41:39.848609Z  WARN lambo::mcp::serve: mcp http: request refused by the rate limit
2026-08-17T20:41:39.849723Z  WARN lambo::mcp::serve: mcp http: request refused by the rate limit
2026-08-17T20:41:39.849729Z  WARN lambo::mcp::serve: mcp http: request refused by the rate limit
2026-08-17T20:41:39.849924Z  WARN lambo::mcp::serve: mcp http: request refused by the rate limit
2026-08-17T20:41:39.850213Z  WARN lambo::mcp::serve: mcp http: request refused by the rate limit
2026-08-17T20:41:39.850500Z  WARN lambo::mcp::serve: mcp http: request refused by the rate limit
2026-08-17T20:41:39.850844Z  WARN lambo::mcp::serve: mcp http: request refused by the rate limit
2026-08-17T20:41:39.851180Z  WARN lambo::mcp::serve: mcp http: request refused by the rate limit
2026-08-17T20:41:39.851848Z  WARN lambo::mcp::serve: mcp http: request refused by the rate limit
2026-08-17T20:41:39.851898Z  WARN lambo::mcp::serve: mcp http: request refused by the rate limit
2026-08-17T20:41:39.852427Z  WARN lambo::mcp::serve: mcp http: request refused by the rate limit
2026-08-17T20:41:39.852508Z  WARN lambo::mcp::serve: mcp http: request refused by the rate limit
2026-08-17T20:41:39.853517Z  WARN lambo::mcp::serve: mcp http: request refused by the rate limit
2026-08-17T20:41:39.853732Z  WARN lambo::mcp::serve: mcp http: request refused by the rate limit
2026-08-17T20:41:39.853887Z  WARN lambo::mcp::serve: mcp http: request refused by the rate limit
2026-08-17T20:41:39.854092Z  WARN lambo::mcp::serve: mcp http: request refused by the rate limit
2026-08-17T20:41:39.854338Z  WARN lambo::mcp::serve: mcp http: request refused by the rate limit
2026-08-17T20:41:39.854547Z  WARN lambo::mcp::serve: mcp http: request refused by the rate limit
2026-08-17T20:41:39.854863Z  WARN lambo::mcp::serve: mcp http: request refused by the rate limit
2026-08-17T20:41:39.855264Z  WARN lambo::mcp::serve: mcp http: request refused by the rate limit
2026-08-17T20:41:39.855547Z  WARN lambo::mcp::serve: mcp http: request refused by the rate limit
2026-08-17T20:41:39.856349Z  WARN lambo::mcp::serve: mcp http: request refused by the rate limit
2026-08-17T20:41:39.856618Z  WARN lambo::mcp::serve: mcp http: request refused by the rate limit
2026-08-17T20:41:39.856882Z  WARN lambo::mcp::serve: mcp http: request refused by the rate limit
2026-08-17T20:41:39.856902Z  WARN lambo::mcp::serve: mcp http: request refused by the rate limit
2026-08-17T20:41:39.857714Z  WARN lambo::mcp::serve: mcp http: request refused by the rate limit
2026-08-17T20:41:39.857954Z  WARN lambo::mcp::serve: mcp http: request refused by the rate limit
2026-08-17T20:41:39.857988Z  WARN lambo::mcp::serve: mcp http: request refused by the rate limit
2026-08-17T20:41:39.858131Z  WARN lambo::mcp::serve: mcp http: request refused by the rate limit
2026-08-17T20:41:39.858357Z  WARN lambo::mcp::serve: mcp http: request refused by the rate limit
2026-08-17T20:41:39.859341Z  WARN lambo::mcp::serve: mcp http: request refused by the rate limit
2026-08-17T20:41:39.859520Z  WARN lambo::mcp::serve: mcp http: request refused by the rate limit
2026-08-17T20:41:39.859710Z  WARN lambo::mcp::serve: mcp http: request refused by the rate limit
2026-08-17T20:41:39.860767Z  WARN lambo::mcp::serve: mcp http: request refused by the rate limit
2026-08-17T20:41:39.860800Z  WARN lambo::mcp::serve: mcp http: request refused by the rate limit
2026-08-17T20:41:39.860851Z  WARN lambo::mcp::serve: mcp http: request refused by the rate limit
2026-08-17T20:41:39.860863Z  WARN lambo::mcp::serve: mcp http: request refused by the rate limit
2026-08-17T20:41:39.862032Z  WARN lambo::mcp::serve: mcp http: request refused by the rate limit
2026-08-17T20:41:39.862278Z  WARN lambo::mcp::serve: mcp http: request refused by the rate limit
2026-08-17T20:41:39.862366Z  WARN lambo::mcp::serve: mcp http: request refused by the rate limit
2026-08-17T20:41:39.862445Z  WARN lambo::mcp::serve: mcp http: request refused by the rate limit
2026-08-17T20:41:39.862898Z  WARN lambo::mcp::serve: mcp http: request refused by the rate limit
2026-08-17T20:41:39.863214Z  WARN lambo::mcp::serve: mcp http: request refused by the rate limit
2026-08-17T20:41:39.864016Z  WARN lambo::mcp::serve: mcp http: request refused by the rate limit
2026-08-17T20:41:39.864407Z  WARN lambo::mcp::serve: mcp http: request refused by the rate limit
2026-08-17T20:41:39.864669Z  WARN lambo::mcp::serve: mcp http: request refused by the rate limit
2026-08-17T20:41:39.865127Z  WARN lambo::mcp::serve: mcp http: request refused by the rate limit
2026-08-17T20:41:39.865310Z  WARN lambo::mcp::serve: mcp http: request refused by the rate limit
2026-08-17T20:41:39.865331Z  WARN lambo::mcp::serve: mcp http: request refused by the rate limit
2026-08-17T20:41:39.866407Z  WARN lambo::mcp::serve: mcp http: request refused by the rate limit
2026-08-17T20:41:39.866647Z  WARN lambo::mcp::serve: mcp http: request refused by the rate limit
2026-08-17T20:41:39.866742Z  WARN lambo::mcp::serve: mcp http: request refused by the rate limit
2026-08-17T20:41:39.866924Z  WARN lambo::mcp::serve: mcp http: request refused by the rate limit
2026-08-17T20:41:39.867213Z  WARN lambo::mcp::serve: mcp http: request refused by the rate limit
2026-08-17T20:41:39.867392Z  WARN lambo::mcp::serve: mcp http: request refused by the rate limit
2026-08-17T20:41:39.868076Z  WARN lambo::mcp::serve: mcp http: request refused by the rate limit
2026-08-17T20:41:39.868325Z  WARN lambo::mcp::serve: mcp http: request refused by the rate limit
2026-08-17T20:41:39.868766Z  WARN lambo::mcp::serve: mcp http: request refused by the rate limit
2026-08-17T20:41:39.869389Z  WARN lambo::mcp::serve: mcp http: request refused by the rate limit
2026-08-17T20:41:39.869466Z  WARN lambo::mcp::serve: mcp http: request refused by the rate limit
2026-08-17T20:41:39.869730Z  WARN lambo::mcp::serve: mcp http: request refused by the rate limit
2026-08-17T20:41:39.869787Z  WARN lambo::mcp::serve: mcp http: request refused by the rate limit
2026-08-17T20:41:39.870383Z  WARN lambo::mcp::serve: mcp http: request refused by the rate limit
2026-08-17T20:41:39.871083Z  WARN lambo::mcp::serve: mcp http: request refused by the rate limit
2026-08-17T20:41:39.871308Z  WARN lambo::mcp::serve: mcp http: request refused by the rate limit
2026-08-17T20:41:39.871387Z  WARN lambo::mcp::serve: mcp http: request refused by the rate limit
2026-08-17T20:41:39.871530Z  WARN lambo::mcp::serve: mcp http: request refused by the rate limit
2026-08-17T20:41:39.871724Z  WARN lambo::mcp::serve: mcp http: request refused by the rate limit
2026-08-17T20:41:39.871876Z  WARN lambo::mcp::serve: mcp http: request refused by the rate limit
2026-08-17T20:41:39.872334Z  WARN lambo::mcp::serve: mcp http: request refused by the rate limit
2026-08-17T20:41:39.872828Z  WARN lambo::mcp::serve: mcp http: request refused by the rate limit
2026-08-17T20:41:39.873031Z  WARN lambo::mcp::serve: mcp http: request refused by the rate limit
2026-08-17T20:41:39.873203Z  WARN lambo::mcp::serve: mcp http: request refused by the rate limit
2026-08-17T20:41:39.874126Z  WARN lambo::mcp::serve: mcp http: request refused by the rate limit
2026-08-17T20:41:39.874125Z  WARN lambo::mcp::serve: mcp http: request refused by the rate limit
2026-08-17T20:41:39.874163Z  WARN lambo::mcp::serve: mcp http: request refused by the rate limit
2026-08-17T20:41:39.874552Z  WARN lambo::mcp::serve: mcp http: request refused by the rate limit
2026-08-17T20:41:39.874931Z  WARN lambo::mcp::serve: mcp http: request refused by the rate limit
2026-08-17T20:41:39.875297Z  WARN lambo::mcp::serve: mcp http: request refused by the rate limit
2026-08-17T20:41:39.875914Z  WARN lambo::mcp::serve: mcp http: request refused by the rate limit
2026-08-17T20:41:39.876152Z  WARN lambo::mcp::serve: mcp http: request refused by the rate limit
2026-08-17T20:41:39.876318Z  WARN lambo::mcp::serve: mcp http: request refused by the rate limit
2026-08-17T20:41:39.876440Z  WARN lambo::mcp::serve: mcp http: request refused by the rate limit
2026-08-17T20:41:39.876502Z  WARN lambo::mcp::serve: mcp http: request refused by the rate limit
2026-08-17T20:41:39.876549Z  WARN lambo::mcp::serve: mcp http: request refused by the rate limit
2026-08-17T20:41:39.877231Z  WARN lambo::mcp::serve: mcp http: request refused by the rate limit
2026-08-17T20:41:39.877883Z  WARN lambo::mcp::serve: mcp http: request refused by the rate limit
2026-08-17T20:41:39.878095Z  WARN lambo::mcp::serve: mcp http: request refused by the rate limit
2026-08-17T20:41:39.878108Z  WARN lambo::mcp::serve: mcp http: request refused by the rate limit
2026-08-17T20:41:39.878403Z  WARN lambo::mcp::serve: mcp http: request refused by the rate limit
2026-08-17T20:41:39.878740Z  WARN lambo::mcp::serve: mcp http: request refused by the rate limit
2026-08-17T20:41:39.879024Z  WARN lambo::mcp::serve: mcp http: request refused by the rate limit
2026-08-17T20:41:39.879604Z  WARN lambo::mcp::serve: mcp http: request refused by the rate limit
2026-08-17T20:41:39.879836Z  WARN lambo::mcp::serve: mcp http: request refused by the rate limit
2026-08-17T20:41:39.879918Z  WARN lambo::mcp::serve: mcp http: request refused by the rate limit
2026-08-17T20:41:39.881163Z  WARN lambo::mcp::serve: mcp http: request refused by the rate limit
2026-08-17T20:41:39.881172Z  WARN lambo::mcp::serve: mcp http: request refused by the rate limit
2026-08-17T20:41:39.881206Z  WARN lambo::mcp::serve: mcp http: request refused by the rate limit
2026-08-17T20:41:39.881933Z  WARN lambo::mcp::serve: mcp http: request refused by the rate limit
2026-08-17T20:41:39.882159Z  WARN lambo::mcp::serve: mcp http: request refused by the rate limit
2026-08-17T20:41:39.882307Z  WARN lambo::mcp::serve: mcp http: request refused by the rate limit
2026-08-17T20:41:39.882398Z  WARN lambo::mcp::serve: mcp http: request refused by the rate limit
2026-08-17T20:41:39.883003Z  WARN lambo::mcp::serve: mcp http: request refused by the rate limit
2026-08-17T20:41:39.883203Z  WARN lambo::mcp::serve: mcp http: request refused by the rate limit
2026-08-17T20:41:39.884248Z  WARN lambo::mcp::serve: mcp http: request refused by the rate limit
2026-08-17T20:41:39.884466Z  WARN lambo::mcp::serve: mcp http: request refused by the rate limit
2026-08-17T20:41:39.884590Z  WARN lambo::mcp::serve: mcp http: request refused by the rate limit
2026-08-17T20:41:39.885110Z  WARN lambo::mcp::serve: mcp http: request refused by the rate limit
2026-08-17T20:41:39.885265Z  WARN lambo::mcp::serve: mcp http: request refused by the rate limit
2026-08-17T20:41:39.885927Z  WARN lambo::mcp::serve: mcp http: request refused by the rate limit
2026-08-17T20:41:39.886299Z  WARN lambo::mcp::serve: mcp http: request refused by the rate limit
2026-08-17T20:41:39.886682Z  WARN lambo::mcp::serve: mcp http: request refused by the rate limit
2026-08-17T20:41:39.886867Z  WARN lambo::mcp::serve: mcp http: request refused by the rate limit
2026-08-17T20:41:39.887075Z  WARN lambo::mcp::serve: mcp http: request refused by the rate limit
2026-08-17T20:41:39.887736Z  WARN lambo::mcp::serve: mcp http: request refused by the rate limit
2026-08-17T20:41:39.887941Z  WARN lambo::mcp::serve: mcp http: request refused by the rate limit
2026-08-17T20:41:39.888087Z  WARN lambo::mcp::serve: mcp http: request refused by the rate limit
2026-08-17T20:41:39.888100Z  WARN lambo::mcp::serve: mcp http: request refused by the rate limit
2026-08-17T20:41:39.889089Z  WARN lambo::mcp::serve: mcp http: request refused by the rate limit
2026-08-17T20:41:39.889280Z  WARN lambo::mcp::serve: mcp http: request refused by the rate limit
2026-08-17T20:41:39.889629Z  WARN lambo::mcp::serve: mcp http: request refused by the rate limit
2026-08-17T20:41:39.889791Z  WARN lambo::mcp::serve: mcp http: request refused by the rate limit
2026-08-17T20:41:39.890459Z  WARN lambo::mcp::serve: mcp http: request refused by the rate limit
2026-08-17T20:41:39.890741Z  WARN lambo::mcp::serve: mcp http: request refused by the rate limit
2026-08-17T20:41:39.890952Z  WARN lambo::mcp::serve: mcp http: request refused by the rate limit
2026-08-17T20:41:39.890977Z  WARN lambo::mcp::serve: mcp http: request refused by the rate limit
2026-08-17T20:41:39.891102Z  WARN lambo::mcp::serve: mcp http: request refused by the rate limit
2026-08-17T20:41:39.891179Z  WARN lambo::mcp::serve: mcp http: request refused by the rate limit
2026-08-17T20:41:39.891475Z  WARN lambo::mcp::serve: mcp http: request refused by the rate limit
2026-08-17T20:41:39.892611Z  WARN lambo::mcp::serve: mcp http: request refused by the rate limit
2026-08-17T20:41:39.892667Z  WARN lambo::mcp::serve: mcp http: request refused by the rate limit
2026-08-17T20:41:39.893132Z  WARN lambo::mcp::serve: mcp http: request refused by the rate limit
2026-08-17T20:41:39.893325Z  WARN lambo::mcp::serve: mcp http: request refused by the rate limit
2026-08-17T20:41:39.894019Z  WARN lambo::mcp::serve: mcp http: request refused by the rate limit
2026-08-17T20:41:39.894225Z  WARN lambo::mcp::serve: mcp http: request refused by the rate limit
2026-08-17T20:41:39.894285Z  WARN lambo::mcp::serve: mcp http: request refused by the rate limit
2026-08-17T20:41:39.894296Z  WARN lambo::mcp::serve: mcp http: request refused by the rate limit
2026-08-17T20:41:39.894738Z  WARN lambo::mcp::serve: mcp http: request refused by the rate limit
2026-08-17T20:41:39.894964Z  WARN lambo::mcp::serve: mcp http: request refused by the rate limit
2026-08-17T20:41:39.895603Z  WARN lambo::mcp::serve: mcp http: request refused by the rate limit
2026-08-17T20:41:39.896269Z  WARN lambo::mcp::serve: mcp http: request refused by the rate limit
2026-08-17T20:41:39.896577Z  WARN lambo::mcp::serve: mcp http: request refused by the rate limit
2026-08-17T20:41:39.896868Z  WARN lambo::mcp::serve: mcp http: request refused by the rate limit
2026-08-17T20:41:39.897068Z  WARN lambo::mcp::serve: mcp http: request refused by the rate limit
2026-08-17T20:41:39.897111Z  WARN lambo::mcp::serve: mcp http: request refused by the rate limit
2026-08-17T20:41:39.897134Z  WARN lambo::mcp::serve: mcp http: request refused by the rate limit
2026-08-17T20:41:39.897948Z  WARN lambo::mcp::serve: mcp http: request refused by the rate limit
2026-08-17T20:41:39.898366Z  WARN lambo::mcp::serve: mcp http: request refused by the rate limit
2026-08-17T20:41:39.898645Z  WARN lambo::mcp::serve: mcp http: request refused by the rate limit
2026-08-17T20:41:39.899115Z  WARN lambo::mcp::serve: mcp http: request refused by the rate limit
2026-08-17T20:41:39.899473Z  WARN lambo::mcp::serve: mcp http: request refused by the rate limit
2026-08-17T20:41:39.900783Z  WARN lambo::mcp::serve: mcp http: request refused by the rate limit
2026-08-17T20:41:39.900832Z  WARN lambo::mcp::serve: mcp http: request refused by the rate limit
2026-08-17T20:41:39.900886Z  WARN lambo::mcp::serve: mcp http: request refused by the rate limit
2026-08-17T20:41:39.900923Z  WARN lambo::mcp::serve: mcp http: request refused by the rate limit
2026-08-17T20:41:39.901353Z  WARN lambo::mcp::serve: mcp http: request refused by the rate limit
2026-08-17T20:41:39.902265Z  WARN lambo::mcp::serve: mcp http: request refused by the rate limit
2026-08-17T20:41:39.902548Z  WARN lambo::mcp::serve: mcp http: request refused by the rate limit
2026-08-17T20:41:39.902794Z  WARN lambo::mcp::serve: mcp http: request refused by the rate limit
2026-08-17T20:41:39.902896Z  WARN lambo::mcp::serve: mcp http: request refused by the rate limit
2026-08-17T20:41:39.903156Z  WARN lambo::mcp::serve: mcp http: request refused by the rate limit
2026-08-17T20:41:39.903437Z  WARN lambo::mcp::serve: mcp http: request refused by the rate limit
2026-08-17T20:41:39.904146Z  WARN lambo::mcp::serve: mcp http: request refused by the rate limit
2026-08-17T20:41:39.904524Z  WARN lambo::mcp::serve: mcp http: request refused by the rate limit
2026-08-17T20:41:39.904695Z  WARN lambo::mcp::serve: mcp http: request refused by the rate limit
2026-08-17T20:41:39.904803Z  WARN lambo::mcp::serve: mcp http: request refused by the rate limit
2026-08-17T20:41:39.905287Z  WARN lambo::mcp::serve: mcp http: request refused by the rate limit
2026-08-17T20:41:39.905495Z  WARN lambo::mcp::serve: mcp http: request refused by the rate limit
2026-08-17T20:41:39.906102Z  WARN lambo::mcp::serve: mcp http: request refused by the rate limit
2026-08-17T20:41:39.906102Z  WARN lambo::mcp::serve: mcp http: request refused by the rate limit
2026-08-17T20:41:39.906700Z  WARN lambo::mcp::serve: mcp http: request refused by the rate limit
2026-08-17T20:41:39.906921Z  WARN lambo::mcp::serve: mcp http: request refused by the rate limit
2026-08-17T20:41:39.907328Z  WARN lambo::mcp::serve: mcp http: request refused by the rate limit
2026-08-17T20:41:39.907812Z  WARN lambo::mcp::serve: mcp http: request refused by the rate limit
2026-08-17T20:41:39.908010Z  WARN lambo::mcp::serve: mcp http: request refused by the rate limit
2026-08-17T20:41:39.908318Z  WARN lambo::mcp::serve: mcp http: request refused by the rate limit
2026-08-17T20:41:39.908536Z  WARN lambo::mcp::serve: mcp http: request refused by the rate limit
2026-08-17T20:41:39.908569Z  WARN lambo::mcp::serve: mcp http: request refused by the rate limit
2026-08-17T20:41:39.908819Z  WARN lambo::mcp::serve: mcp http: request refused by the rate limit
2026-08-17T20:41:39.909238Z  WARN lambo::mcp::serve: mcp http: request refused by the rate limit
2026-08-17T20:41:39.909938Z  WARN lambo::mcp::serve: mcp http: request refused by the rate limit
2026-08-17T20:41:39.910219Z  WARN lambo::mcp::serve: mcp http: request refused by the rate limit
2026-08-17T20:41:39.910779Z  WARN lambo::mcp::serve: mcp http: request refused by the rate limit
2026-08-17T20:41:39.911214Z  WARN lambo::mcp::serve: mcp http: request refused by the rate limit
2026-08-17T20:41:39.911282Z  WARN lambo::mcp::serve: mcp http: request refused by the rate limit
2026-08-17T20:41:39.911409Z  WARN lambo::mcp::serve: mcp http: request refused by the rate limit
2026-08-17T20:41:39.911444Z  WARN lambo::mcp::serve: mcp http: request refused by the rate limit
2026-08-17T20:41:39.912126Z  WARN lambo::mcp::serve: mcp http: request refused by the rate limit
2026-08-17T20:41:39.912318Z  WARN lambo::mcp::serve: mcp http: request refused by the rate limit
2026-08-17T20:41:39.912780Z  WARN lambo::mcp::serve: mcp http: request refused by the rate limit
2026-08-17T20:41:39.912966Z  WARN lambo::mcp::serve: mcp http: request refused by the rate limit
2026-08-17T20:41:39.913089Z  WARN lambo::mcp::serve: mcp http: request refused by the rate limit
2026-08-17T20:41:39.913362Z  WARN lambo::mcp::serve: mcp http: request refused by the rate limit
2026-08-17T20:41:39.914153Z  WARN lambo::mcp::serve: mcp http: request refused by the rate limit
2026-08-17T20:41:39.914384Z  WARN lambo::mcp::serve: mcp http: request refused by the rate limit
2026-08-17T20:41:39.914555Z  WARN lambo::mcp::serve: mcp http: request refused by the rate limit
2026-08-17T20:41:39.915327Z  WARN lambo::mcp::serve: mcp http: request refused by the rate limit
2026-08-17T20:41:39.915525Z  WARN lambo::mcp::serve: mcp http: request refused by the rate limit
2026-08-17T20:41:39.915693Z  WARN lambo::mcp::serve: mcp http: request refused by the rate limit
2026-08-17T20:41:39.915962Z  WARN lambo::mcp::serve: mcp http: request refused by the rate limit
2026-08-17T20:41:39.916384Z  WARN lambo::mcp::serve: mcp http: request refused by the rate limit
2026-08-17T20:41:39.916832Z  WARN lambo::mcp::serve: mcp http: request refused by the rate limit
2026-08-17T20:41:39.917200Z  WARN lambo::mcp::serve: mcp http: request refused by the rate limit
2026-08-17T20:41:39.917625Z  WARN lambo::mcp::serve: mcp http: request refused by the rate limit
2026-08-17T20:41:39.917835Z  WARN lambo::mcp::serve: mcp http: request refused by the rate limit
2026-08-17T20:41:39.917900Z  WARN lambo::mcp::serve: mcp http: request refused by the rate limit
2026-08-17T20:41:39.918100Z  WARN lambo::mcp::serve: mcp http: request refused by the rate limit
2026-08-17T20:41:39.919003Z  WARN lambo::mcp::serve: mcp http: request refused by the rate limit
2026-08-17T20:41:39.919133Z  WARN lambo::mcp::serve: mcp http: request refused by the rate limit
2026-08-17T20:41:39.919670Z  WARN lambo::mcp::serve: mcp http: request refused by the rate limit
2026-08-17T20:41:39.919862Z  WARN lambo::mcp::serve: mcp http: request refused by the rate limit
2026-08-17T20:41:39.919922Z  WARN lambo::mcp::serve: mcp http: request refused by the rate limit
2026-08-17T20:41:39.920622Z  WARN lambo::mcp::serve: mcp http: request refused by the rate limit
2026-08-17T20:41:39.921234Z  WARN lambo::mcp::serve: mcp http: request refused by the rate limit
2026-08-17T20:41:39.921278Z  WARN lambo::mcp::serve: mcp http: request refused by the rate limit
2026-08-17T20:41:39.921971Z  WARN lambo::mcp::serve: mcp http: request refused by the rate limit
2026-08-17T20:41:39.922321Z  WARN lambo::mcp::serve: mcp http: request refused by the rate limit
2026-08-17T20:41:39.922511Z  WARN lambo::mcp::serve: mcp http: request refused by the rate limit
2026-08-17T20:41:39.922625Z  WARN lambo::mcp::serve: mcp http: request refused by the rate limit
2026-08-17T20:41:39.922896Z  WARN lambo::mcp::serve: mcp http: request refused by the rate limit
2026-08-17T20:41:39.923105Z  WARN lambo::mcp::serve: mcp http: request refused by the rate limit
2026-08-17T20:41:39.924065Z  WARN lambo::mcp::serve: mcp http: request refused by the rate limit
2026-08-17T20:41:39.924447Z  WARN lambo::mcp::serve: mcp http: request refused by the rate limit
2026-08-17T20:41:39.924780Z  WARN lambo::mcp::serve: mcp http: request refused by the rate limit
2026-08-17T20:41:39.924985Z  WARN lambo::mcp::serve: mcp http: request refused by the rate limit
2026-08-17T20:41:39.925413Z  WARN lambo::mcp::serve: mcp http: request refused by the rate limit
2026-08-17T20:41:39.925600Z  WARN lambo::mcp::serve: mcp http: request refused by the rate limit
2026-08-17T20:41:39.925731Z  WARN lambo::mcp::serve: mcp http: request refused by the rate limit
2026-08-17T20:41:39.926262Z  WARN lambo::mcp::serve: mcp http: request refused by the rate limit
2026-08-17T20:41:39.926450Z  WARN lambo::mcp::serve: mcp http: request refused by the rate limit
2026-08-17T20:41:39.926690Z  WARN lambo::mcp::serve: mcp http: request refused by the rate limit
2026-08-17T20:41:39.927228Z  WARN lambo::mcp::serve: mcp http: request refused by the rate limit
2026-08-17T20:41:39.927975Z  WARN lambo::mcp::serve: mcp http: request refused by the rate limit
2026-08-17T20:41:39.928227Z  WARN lambo::mcp::serve: mcp http: request refused by the rate limit
2026-08-17T20:41:39.928255Z  WARN lambo::mcp::serve: mcp http: request refused by the rate limit
2026-08-17T20:41:39.928891Z  WARN lambo::mcp::serve: mcp http: request refused by the rate limit
2026-08-17T20:41:39.929002Z  WARN lambo::mcp::serve: mcp http: request refused by the rate limit
2026-08-17T20:41:39.929115Z  WARN lambo::mcp::serve: mcp http: request refused by the rate limit
2026-08-17T20:41:39.929910Z  WARN lambo::mcp::serve: mcp http: request refused by the rate limit
2026-08-17T20:41:39.930154Z  WARN lambo::mcp::serve: mcp http: request refused by the rate limit
2026-08-17T20:41:39.930370Z  WARN lambo::mcp::serve: mcp http: request refused by the rate limit
2026-08-17T20:41:39.930585Z  WARN lambo::mcp::serve: mcp http: request refused by the rate limit
2026-08-17T20:41:39.930836Z  WARN lambo::mcp::serve: mcp http: request refused by the rate limit
2026-08-17T20:41:39.931328Z  WARN lambo::mcp::serve: mcp http: request refused by the rate limit
2026-08-17T20:41:39.931859Z  WARN lambo::mcp::serve: mcp http: request refused by the rate limit
2026-08-17T20:41:39.932059Z  WARN lambo::mcp::serve: mcp http: request refused by the rate limit
2026-08-17T20:41:39.932268Z  WARN lambo::mcp::serve: mcp http: request refused by the rate limit
2026-08-17T20:41:39.933105Z  WARN lambo::mcp::serve: mcp http: request refused by the rate limit
2026-08-17T20:41:39.933340Z  WARN lambo::mcp::serve: mcp http: request refused by the rate limit
2026-08-17T20:41:39.933488Z  WARN lambo::mcp::serve: mcp http: request refused by the rate limit
2026-08-17T20:41:39.933525Z  WARN lambo::mcp::serve: mcp http: request refused by the rate limit
2026-08-17T20:41:39.933731Z  WARN lambo::mcp::serve: mcp http: request refused by the rate limit
2026-08-17T20:41:39.933883Z  WARN lambo::mcp::serve: mcp http: request refused by the rate limit
2026-08-17T20:41:39.934129Z  WARN lambo::mcp::serve: mcp http: request refused by the rate limit
2026-08-17T20:41:39.935240Z  WARN lambo::mcp::serve: mcp http: request refused by the rate limit
2026-08-17T20:41:39.935472Z  WARN lambo::mcp::serve: mcp http: request refused by the rate limit
2026-08-17T20:41:39.935712Z  WARN lambo::mcp::serve: mcp http: request refused by the rate limit
2026-08-17T20:41:39.935719Z  WARN lambo::mcp::serve: mcp http: request refused by the rate limit
2026-08-17T20:41:39.935758Z  WARN lambo::mcp::serve: mcp http: request refused by the rate limit
2026-08-17T20:41:39.936663Z  WARN lambo::mcp::serve: mcp http: request refused by the rate limit
2026-08-17T20:41:39.937277Z  WARN lambo::mcp::serve: mcp http: request refused by the rate limit
2026-08-17T20:41:39.937474Z  WARN lambo::mcp::serve: mcp http: request refused by the rate limit
2026-08-17T20:41:39.937509Z  WARN lambo::mcp::serve: mcp http: request refused by the rate limit
2026-08-17T20:41:39.937517Z  WARN lambo::mcp::serve: mcp http: request refused by the rate limit
2026-08-17T20:41:39.937616Z  WARN lambo::mcp::serve: mcp http: request refused by the rate limit
2026-08-17T20:41:39.938491Z  WARN lambo::mcp::serve: mcp http: request refused by the rate limit
2026-08-17T20:41:39.938695Z  WARN lambo::mcp::serve: mcp http: request refused by the rate limit
2026-08-17T20:41:39.939242Z  WARN lambo::mcp::serve: mcp http: request refused by the rate limit
2026-08-17T20:41:39.939640Z  WARN lambo::mcp::serve: mcp http: request refused by the rate limit
2026-08-17T20:41:39.939743Z  WARN lambo::mcp::serve: mcp http: request refused by the rate limit
2026-08-17T20:41:39.939812Z  WARN lambo::mcp::serve: mcp http: request refused by the rate limit
2026-08-17T20:41:39.939931Z  WARN lambo::mcp::serve: mcp http: request refused by the rate limit
2026-08-17T20:41:39.939943Z  WARN lambo::mcp::serve: mcp http: request refused by the rate limit
2026-08-17T20:41:39.940970Z  WARN lambo::mcp::serve: mcp http: request refused by the rate limit
2026-08-17T20:41:39.941319Z  WARN lambo::mcp::serve: mcp http: request refused by the rate limit
2026-08-17T20:41:39.941650Z  WARN lambo::mcp::serve: mcp http: request refused by the rate limit
2026-08-17T20:41:39.941895Z  WARN lambo::mcp::serve: mcp http: request refused by the rate limit
2026-08-17T20:41:39.942215Z  WARN lambo::mcp::serve: mcp http: request refused by the rate limit
2026-08-17T20:41:39.942731Z  WARN lambo::mcp::serve: mcp http: request refused by the rate limit
2026-08-17T20:41:39.942751Z  WARN lambo::mcp::serve: mcp http: request refused by the rate limit
2026-08-17T20:41:39.943041Z  WARN lambo::mcp::serve: mcp http: request refused by the rate limit
2026-08-17T20:41:39.943848Z  WARN lambo::mcp::serve: mcp http: request refused by the rate limit
2026-08-17T20:41:39.943996Z  WARN lambo::mcp::serve: mcp http: request refused by the rate limit
2026-08-17T20:41:39.944788Z  WARN lambo::mcp::serve: mcp http: request refused by the rate limit
2026-08-17T20:41:39.944839Z  WARN lambo::mcp::serve: mcp http: request refused by the rate limit
2026-08-17T20:41:39.944841Z  WARN lambo::mcp::serve: mcp http: request refused by the rate limit
2026-08-17T20:41:39.945023Z  WARN lambo::mcp::serve: mcp http: request refused by the rate limit
2026-08-17T20:41:39.945231Z  WARN lambo::mcp::serve: mcp http: request refused by the rate limit
2026-08-17T20:41:39.946152Z  WARN lambo::mcp::serve: mcp http: request refused by the rate limit
2026-08-17T20:41:39.946195Z  WARN lambo::mcp::serve: mcp http: request refused by the rate limit
2026-08-17T20:41:39.946911Z  WARN lambo::mcp::serve: mcp http: request refused by the rate limit
2026-08-17T20:41:39.947125Z  WARN lambo::mcp::serve: mcp http: request refused by the rate limit
2026-08-17T20:41:39.947281Z  WARN lambo::mcp::serve: mcp http: request refused by the rate limit
2026-08-17T20:41:39.948088Z  WARN lambo::mcp::serve: mcp http: request refused by the rate limit
2026-08-17T20:41:39.948274Z  WARN lambo::mcp::serve: mcp http: request refused by the rate limit
2026-08-17T20:41:39.948405Z  WARN lambo::mcp::serve: mcp http: request refused by the rate limit
2026-08-17T20:41:39.948570Z  WARN lambo::mcp::serve: mcp http: request refused by the rate limit
2026-08-17T20:41:39.948622Z  WARN lambo::mcp::serve: mcp http: request refused by the rate limit
2026-08-17T20:41:39.948630Z  WARN lambo::mcp::serve: mcp http: request refused by the rate limit
2026-08-17T20:41:39.949672Z  WARN lambo::mcp::serve: mcp http: request refused by the rate limit
2026-08-17T20:41:39.950094Z  WARN lambo::mcp::serve: mcp http: request refused by the rate limit
2026-08-17T20:41:39.950335Z  WARN lambo::mcp::serve: mcp http: request refused by the rate limit
2026-08-17T20:41:39.950447Z  WARN lambo::mcp::serve: mcp http: request refused by the rate limit
2026-08-17T20:41:39.950630Z  WARN lambo::mcp::serve: mcp http: request refused by the rate limit
2026-08-17T20:41:39.950776Z  WARN lambo::mcp::serve: mcp http: request refused by the rate limit
2026-08-17T20:41:39.951904Z  WARN lambo::mcp::serve: mcp http: request refused by the rate limit
2026-08-17T20:41:39.952173Z  WARN lambo::mcp::serve: mcp http: request refused by the rate limit
2026-08-17T20:41:39.952440Z  WARN lambo::mcp::serve: mcp http: request refused by the rate limit
2026-08-17T20:41:39.952499Z  WARN lambo::mcp::serve: mcp http: request refused by the rate limit
2026-08-17T20:41:39.952548Z  WARN lambo::mcp::serve: mcp http: request refused by the rate limit
2026-08-17T20:41:39.953684Z  WARN lambo::mcp::serve: mcp http: request refused by the rate limit
2026-08-17T20:41:39.953695Z  WARN lambo::mcp::serve: mcp http: request refused by the rate limit
2026-08-17T20:41:39.953753Z  WARN lambo::mcp::serve: mcp http: request refused by the rate limit
2026-08-17T20:41:39.954019Z  WARN lambo::mcp::serve: mcp http: request refused by the rate limit
2026-08-17T20:41:39.954964Z  WARN lambo::mcp::serve: mcp http: request refused by the rate limit
2026-08-17T20:41:39.955233Z  WARN lambo::mcp::serve: mcp http: request refused by the rate limit
2026-08-17T20:41:39.955326Z  WARN lambo::mcp::serve: mcp http: request refused by the rate limit
2026-08-17T20:41:39.955859Z  WARN lambo::mcp::serve: mcp http: request refused by the rate limit
2026-08-17T20:41:39.956080Z  WARN lambo::mcp::serve: mcp http: request refused by the rate limit
2026-08-17T20:41:39.956305Z  WARN lambo::mcp::serve: mcp http: request refused by the rate limit
2026-08-17T20:41:39.956588Z  WARN lambo::mcp::serve: mcp http: request refused by the rate limit
2026-08-17T20:41:39.956778Z  WARN lambo::mcp::serve: mcp http: request refused by the rate limit
2026-08-17T20:41:39.957341Z  WARN lambo::mcp::serve: mcp http: request refused by the rate limit
2026-08-17T20:41:39.957528Z  WARN lambo::mcp::serve: mcp http: request refused by the rate limit
2026-08-17T20:41:39.957825Z  WARN lambo::mcp::serve: mcp http: request refused by the rate limit
2026-08-17T20:41:39.958241Z  WARN lambo::mcp::serve: mcp http: request refused by the rate limit
2026-08-17T20:41:39.958480Z  WARN lambo::mcp::serve: mcp http: request refused by the rate limit
2026-08-17T20:41:39.958728Z  WARN lambo::mcp::serve: mcp http: request refused by the rate limit
2026-08-17T20:41:39.959130Z  WARN lambo::mcp::serve: mcp http: request refused by the rate limit
2026-08-17T20:41:39.959919Z  WARN lambo::mcp::serve: mcp http: request refused by the rate limit
2026-08-17T20:41:39.959947Z  WARN lambo::mcp::serve: mcp http: request refused by the rate limit
2026-08-17T20:41:39.960150Z  WARN lambo::mcp::serve: mcp http: request refused by the rate limit
2026-08-17T20:41:39.960516Z  WARN lambo::mcp::serve: mcp http: request refused by the rate limit
2026-08-17T20:41:39.960958Z  WARN lambo::mcp::serve: mcp http: request refused by the rate limit
2026-08-17T20:41:39.961557Z  WARN lambo::mcp::serve: mcp http: request refused by the rate limit
2026-08-17T20:41:39.961571Z  WARN lambo::mcp::serve: mcp http: request refused by the rate limit
2026-08-17T20:41:39.962219Z  WARN lambo::mcp::serve: mcp http: request refused by the rate limit
2026-08-17T20:41:39.962490Z  WARN lambo::mcp::serve: mcp http: request refused by the rate limit
2026-08-17T20:41:39.963308Z  WARN lambo::mcp::serve: mcp http: request refused by the rate limit
2026-08-17T20:41:39.963390Z  WARN lambo::mcp::serve: mcp http: request refused by the rate limit
2026-08-17T20:41:39.963636Z  WARN lambo::mcp::serve: mcp http: request refused by the rate limit
2026-08-17T20:41:39.964172Z  WARN lambo::mcp::serve: mcp http: request refused by the rate limit
2026-08-17T20:41:39.964379Z  WARN lambo::mcp::serve: mcp http: request refused by the rate limit
2026-08-17T20:41:39.964488Z  WARN lambo::mcp::serve: mcp http: request refused by the rate limit
2026-08-17T20:41:39.965316Z  WARN lambo::mcp::serve: mcp http: request refused by the rate limit
2026-08-17T20:41:39.965637Z  WARN lambo::mcp::serve: mcp http: request refused by the rate limit
2026-08-17T20:41:39.965830Z  WARN lambo::mcp::serve: mcp http: request refused by the rate limit
2026-08-17T20:41:39.965873Z  WARN lambo::mcp::serve: mcp http: request refused by the rate limit
2026-08-17T20:41:39.966252Z  WARN lambo::mcp::serve: mcp http: request refused by the rate limit
2026-08-17T20:41:39.966542Z  WARN lambo::mcp::serve: mcp http: request refused by the rate limit
2026-08-17T20:41:39.966963Z  WARN lambo::mcp::serve: mcp http: request refused by the rate limit
2026-08-17T20:41:39.967353Z  WARN lambo::mcp::serve: mcp http: request refused by the rate limit
2026-08-17T20:41:39.967545Z  WARN lambo::mcp::serve: mcp http: request refused by the rate limit
2026-08-17T20:41:39.967791Z  WARN lambo::mcp::serve: mcp http: request refused by the rate limit
2026-08-17T20:41:39.968582Z  WARN lambo::mcp::serve: mcp http: request refused by the rate limit
2026-08-17T20:41:39.968830Z  WARN lambo::mcp::serve: mcp http: request refused by the rate limit
2026-08-17T20:41:39.969147Z  WARN lambo::mcp::serve: mcp http: request refused by the rate limit
2026-08-17T20:41:39.969498Z  WARN lambo::mcp::serve: mcp http: request refused by the rate limit
2026-08-17T20:41:39.969810Z  WARN lambo::mcp::serve: mcp http: request refused by the rate limit
2026-08-17T20:41:39.970005Z  WARN lambo::mcp::serve: mcp http: request refused by the rate limit
2026-08-17T20:41:39.971007Z  WARN lambo::mcp::serve: mcp http: request refused by the rate limit
2026-08-17T20:41:39.971014Z  WARN lambo::mcp::serve: mcp http: request refused by the rate limit
2026-08-17T20:41:39.971182Z  WARN lambo::mcp::serve: mcp http: request refused by the rate limit
2026-08-17T20:41:39.971329Z  WARN lambo::mcp::serve: mcp http: request refused by the rate limit
2026-08-17T20:41:39.971469Z  WARN lambo::mcp::serve: mcp http: request refused by the rate limit
2026-08-17T20:41:39.971871Z  WARN lambo::mcp::serve: mcp http: request refused by the rate limit
2026-08-17T20:41:39.972897Z  WARN lambo::mcp::serve: mcp http: request refused by the rate limit
2026-08-17T20:41:39.973111Z  WARN lambo::mcp::serve: mcp http: request refused by the rate limit
2026-08-17T20:41:39.973197Z  WARN lambo::mcp::serve: mcp http: request refused by the rate limit
2026-08-17T20:41:39.973458Z  WARN lambo::mcp::serve: mcp http: request refused by the rate limit
2026-08-17T20:41:39.974153Z  WARN lambo::mcp::serve: mcp http: request refused by the rate limit
2026-08-17T20:41:39.974387Z  WARN lambo::mcp::serve: mcp http: request refused by the rate limit
2026-08-17T20:41:39.974410Z  WARN lambo::mcp::serve: mcp http: request refused by the rate limit
2026-08-17T20:41:39.975163Z  WARN lambo::mcp::serve: mcp http: request refused by the rate limit
2026-08-17T20:41:39.975482Z  WARN lambo::mcp::serve: mcp http: request refused by the rate limit
2026-08-17T20:41:39.975487Z  WARN lambo::mcp::serve: mcp http: request refused by the rate limit
2026-08-17T20:41:39.975679Z  WARN lambo::mcp::serve: mcp http: request refused by the rate limit
2026-08-17T20:41:39.976209Z  WARN lambo::mcp::serve: mcp http: request refused by the rate limit
2026-08-17T20:41:39.976325Z  WARN lambo::mcp::serve: mcp http: request refused by the rate limit
2026-08-17T20:41:39.976841Z  WARN lambo::mcp::serve: mcp http: request refused by the rate limit
2026-08-17T20:41:39.977037Z  WARN lambo::mcp::serve: mcp http: request refused by the rate limit
2026-08-17T20:41:39.977338Z  WARN lambo::mcp::serve: mcp http: request refused by the rate limit
2026-08-17T20:41:39.977940Z  WARN lambo::mcp::serve: mcp http: request refused by the rate limit
2026-08-17T20:41:39.978147Z  WARN lambo::mcp::serve: mcp http: request refused by the rate limit
2026-08-17T20:41:39.978931Z  WARN lambo::mcp::serve: mcp http: request refused by the rate limit
2026-08-17T20:41:39.978973Z  WARN lambo::mcp::serve: mcp http: request refused by the rate limit
2026-08-17T20:41:39.978985Z  WARN lambo::mcp::serve: mcp http: request refused by the rate limit
2026-08-17T20:41:39.979002Z  WARN lambo::mcp::serve: mcp http: request refused by the rate limit
2026-08-17T20:41:39.979909Z  WARN lambo::mcp::serve: mcp http: request refused by the rate limit
2026-08-17T20:41:39.980636Z  WARN lambo::mcp::serve: mcp http: request refused by the rate limit
2026-08-17T20:41:39.980737Z  WARN lambo::mcp::serve: mcp http: request refused by the rate limit
2026-08-17T20:41:39.980738Z  WARN lambo::mcp::serve: mcp http: request refused by the rate limit
2026-08-17T20:41:39.981414Z  WARN lambo::mcp::serve: mcp http: request refused by the rate limit
2026-08-17T20:41:39.982125Z  WARN lambo::mcp::serve: mcp http: request refused by the rate limit
2026-08-17T20:41:39.982580Z  WARN lambo::mcp::serve: mcp http: request refused by the rate limit
2026-08-17T20:41:39.982793Z  WARN lambo::mcp::serve: mcp http: request refused by the rate limit
2026-08-17T20:41:39.983112Z  WARN lambo::mcp::serve: mcp http: request refused by the rate limit
2026-08-17T20:41:39.983342Z  WARN lambo::mcp::serve: mcp http: request refused by the rate limit
2026-08-17T20:41:39.983363Z  WARN lambo::mcp::serve: mcp http: request refused by the rate limit
2026-08-17T20:41:39.983390Z  WARN lambo::mcp::serve: mcp http: request refused by the rate limit
2026-08-17T20:41:39.983752Z  WARN lambo::mcp::serve: mcp http: request refused by the rate limit
2026-08-17T20:41:39.984027Z  WARN lambo::mcp::serve: mcp http: request refused by the rate limit
2026-08-17T20:41:39.984937Z  WARN lambo::mcp::serve: mcp http: request refused by the rate limit
2026-08-17T20:41:39.985920Z  WARN lambo::mcp::serve: mcp http: request refused by the rate limit
2026-08-17T20:41:39.986120Z  WARN lambo::mcp::serve: mcp http: request refused by the rate limit
2026-08-17T20:41:39.986616Z  WARN lambo::mcp::serve: mcp http: request refused by the rate limit
2026-08-17T20:41:39.986805Z  WARN lambo::mcp::serve: mcp http: request refused by the rate limit
2026-08-17T20:41:39.986823Z  WARN lambo::mcp::serve: mcp http: request refused by the rate limit
2026-08-17T20:41:39.987446Z  WARN lambo::mcp::serve: mcp http: request refused by the rate limit
2026-08-17T20:41:39.987629Z  WARN lambo::mcp::serve: mcp http: request refused by the rate limit
2026-08-17T20:41:39.987921Z  WARN lambo::mcp::serve: mcp http: request refused by the rate limit
2026-08-17T20:41:39.988382Z  WARN lambo::mcp::serve: mcp http: request refused by the rate limit
2026-08-17T20:41:39.988572Z  WARN lambo::mcp::serve: mcp http: request refused by the rate limit
2026-08-17T20:41:39.988838Z  WARN lambo::mcp::serve: mcp http: request refused by the rate limit
2026-08-17T20:41:39.989057Z  WARN lambo::mcp::serve: mcp http: request refused by the rate limit
2026-08-17T20:41:39.989609Z  WARN lambo::mcp::serve: mcp http: request refused by the rate limit
2026-08-17T20:41:39.989823Z  WARN lambo::mcp::serve: mcp http: request refused by the rate limit
2026-08-17T20:41:39.990191Z  WARN lambo::mcp::serve: mcp http: request refused by the rate limit
2026-08-17T20:41:39.990288Z  WARN lambo::mcp::serve: mcp http: request refused by the rate limit
2026-08-17T20:41:39.990862Z  WARN lambo::mcp::serve: mcp http: request refused by the rate limit
2026-08-17T20:41:39.991059Z  WARN lambo::mcp::serve: mcp http: request refused by the rate limit
2026-08-17T20:41:39.991661Z  WARN lambo::mcp::serve: mcp http: request refused by the rate limit
2026-08-17T20:41:39.991832Z  WARN lambo::mcp::serve: mcp http: request refused by the rate limit
2026-08-17T20:41:39.992233Z  WARN lambo::mcp::serve: mcp http: request refused by the rate limit
2026-08-17T20:41:39.992774Z  WARN lambo::mcp::serve: mcp http: request refused by the rate limit
2026-08-17T20:41:39.992783Z  WARN lambo::mcp::serve: mcp http: request refused by the rate limit
2026-08-17T20:41:39.993052Z  WARN lambo::mcp::serve: mcp http: request refused by the rate limit
2026-08-17T20:41:39.993247Z  WARN lambo::mcp::serve: mcp http: request refused by the rate limit
2026-08-17T20:41:39.993838Z  WARN lambo::mcp::serve: mcp http: request refused by the rate limit
2026-08-17T20:41:39.994113Z  WARN lambo::mcp::serve: mcp http: request refused by the rate limit
2026-08-17T20:41:39.994538Z  WARN lambo::mcp::serve: mcp http: request refused by the rate limit
2026-08-17T20:41:39.994741Z  WARN lambo::mcp::serve: mcp http: request refused by the rate limit
2026-08-17T20:41:39.995507Z  WARN lambo::mcp::serve: mcp http: request refused by the rate limit
2026-08-17T20:41:39.995713Z  WARN lambo::mcp::serve: mcp http: request refused by the rate limit
2026-08-17T20:41:39.995809Z  WARN lambo::mcp::serve: mcp http: request refused by the rate limit
2026-08-17T20:41:39.995936Z  WARN lambo::mcp::serve: mcp http: request refused by the rate limit
2026-08-17T20:41:39.995946Z  WARN lambo::mcp::serve: mcp http: request refused by the rate limit
2026-08-17T20:41:39.996576Z  WARN lambo::mcp::serve: mcp http: request refused by the rate limit
2026-08-17T20:41:39.996860Z  WARN lambo::mcp::serve: mcp http: request refused by the rate limit
2026-08-17T20:41:39.997541Z  WARN lambo::mcp::serve: mcp http: request refused by the rate limit
2026-08-17T20:41:39.997753Z  WARN lambo::mcp::serve: mcp http: request refused by the rate limit
2026-08-17T20:41:39.997836Z  WARN lambo::mcp::serve: mcp http: request refused by the rate limit
2026-08-17T20:41:39.998402Z  WARN lambo::mcp::serve: mcp http: request refused by the rate limit
2026-08-17T20:41:39.998630Z  WARN lambo::mcp::serve: mcp http: request refused by the rate limit
2026-08-17T20:41:39.998732Z  WARN lambo::mcp::serve: mcp http: request refused by the rate limit
2026-08-17T20:41:39.999547Z  WARN lambo::mcp::serve: mcp http: request refused by the rate limit
2026-08-17T20:41:39.999759Z  WARN lambo::mcp::serve: mcp http: request refused by the rate limit
2026-08-17T20:41:39.999901Z  WARN lambo::mcp::serve: mcp http: request refused by the rate limit
2026-08-17T20:41:40.000155Z  WARN lambo::mcp::serve: mcp http: request refused by the rate limit
2026-08-17T20:41:40.001006Z  WARN lambo::mcp::serve: mcp http: request refused by the rate limit
2026-08-17T20:41:40.001207Z  WARN lambo::mcp::serve: mcp http: request refused by the rate limit
2026-08-17T20:41:40.001861Z  WARN lambo::mcp::serve: mcp http: request refused by the rate limit
2026-08-17T20:41:40.002538Z  WARN lambo::mcp::serve: mcp http: request refused by the rate limit
2026-08-17T20:41:40.002738Z  WARN lambo::mcp::serve: mcp http: request refused by the rate limit
2026-08-17T20:41:40.002930Z  WARN lambo::mcp::serve: mcp http: request refused by the rate limit
2026-08-17T20:41:40.003430Z  WARN lambo::mcp::serve: mcp http: request refused by the rate limit
2026-08-17T20:41:40.004015Z  WARN lambo::mcp::serve: mcp http: request refused by the rate limit
2026-08-17T20:41:40.004207Z  WARN lambo::mcp::serve: mcp http: request refused by the rate limit
2026-08-17T20:41:40.004371Z  WARN lambo::mcp::serve: mcp http: request refused by the rate limit
2026-08-17T20:41:40.004927Z  WARN lambo::mcp::serve: mcp http: request refused by the rate limit
2026-08-17T20:41:40.005127Z  WARN lambo::mcp::serve: mcp http: request refused by the rate limit
2026-08-17T20:41:40.005394Z  WARN lambo::mcp::serve: mcp http: request refused by the rate limit
2026-08-17T20:41:40.005832Z  WARN lambo::mcp::serve: mcp http: request refused by the rate limit
2026-08-17T20:41:40.005975Z  WARN lambo::mcp::serve: mcp http: request refused by the rate limit
2026-08-17T20:41:40.006289Z  WARN lambo::mcp::serve: mcp http: request refused by the rate limit
2026-08-17T20:41:40.006697Z  WARN lambo::mcp::serve: mcp http: request refused by the rate limit
2026-08-17T20:41:40.006898Z  WARN lambo::mcp::serve: mcp http: request refused by the rate limit
2026-08-17T20:41:40.007235Z  WARN lambo::mcp::serve: mcp http: request refused by the rate limit
2026-08-17T20:41:40.007434Z  WARN lambo::mcp::serve: mcp http: request refused by the rate limit
2026-08-17T20:41:40.008245Z  WARN lambo::mcp::serve: mcp http: request refused by the rate limit
2026-08-17T20:41:40.008624Z  WARN lambo::mcp::serve: mcp http: request refused by the rate limit
2026-08-17T20:41:40.008802Z  WARN lambo::mcp::serve: mcp http: request refused by the rate limit
2026-08-17T20:41:40.009033Z  WARN lambo::mcp::serve: mcp http: request refused by the rate limit
2026-08-17T20:41:40.009429Z  WARN lambo::mcp::serve: mcp http: request refused by the rate limit
2026-08-17T20:41:40.009624Z  WARN lambo::mcp::serve: mcp http: request refused by the rate limit
2026-08-17T20:41:40.009926Z  WARN lambo::mcp::serve: mcp http: request refused by the rate limit
2026-08-17T20:41:40.010098Z  WARN lambo::mcp::serve: mcp http: request refused by the rate limit
2026-08-17T20:41:40.010798Z  WARN lambo::mcp::serve: mcp http: request refused by the rate limit
2026-08-17T20:41:40.011066Z  WARN lambo::mcp::serve: mcp http: request refused by the rate limit
2026-08-17T20:41:40.011604Z  WARN lambo::mcp::serve: mcp http: request refused by the rate limit
2026-08-17T20:41:40.011812Z  WARN lambo::mcp::serve: mcp http: request refused by the rate limit
2026-08-17T20:41:40.011918Z  WARN lambo::mcp::serve: mcp http: request refused by the rate limit
2026-08-17T20:41:40.011995Z  WARN lambo::mcp::serve: mcp http: request refused by the rate limit
2026-08-17T20:41:40.012125Z  WARN lambo::mcp::serve: mcp http: request refused by the rate limit
2026-08-17T20:41:40.012688Z  WARN lambo::mcp::serve: mcp http: request refused by the rate limit
2026-08-17T20:41:40.013344Z  WARN lambo::mcp::serve: mcp http: request refused by the rate limit
2026-08-17T20:41:40.013767Z  WARN lambo::mcp::serve: mcp http: request refused by the rate limit
2026-08-17T20:41:40.014016Z  WARN lambo::mcp::serve: mcp http: request refused by the rate limit
2026-08-17T20:41:40.014279Z  WARN lambo::mcp::serve: mcp http: request refused by the rate limit
2026-08-17T20:41:40.014407Z  WARN lambo::mcp::serve: mcp http: request refused by the rate limit
2026-08-17T20:41:40.014741Z  WARN lambo::mcp::serve: mcp http: request refused by the rate limit
2026-08-17T20:41:40.015518Z  WARN lambo::mcp::serve: mcp http: request refused by the rate limit
2026-08-17T20:41:40.015566Z  WARN lambo::mcp::serve: mcp http: request refused by the rate limit
2026-08-17T20:41:40.015578Z  WARN lambo::mcp::serve: mcp http: request refused by the rate limit
2026-08-17T20:41:40.016070Z  WARN lambo::mcp::serve: mcp http: request refused by the rate limit
2026-08-17T20:41:40.016509Z  WARN lambo::mcp::serve: mcp http: request refused by the rate limit
2026-08-17T20:41:40.016842Z  WARN lambo::mcp::serve: mcp http: request refused by the rate limit
2026-08-17T20:41:40.017692Z  WARN lambo::mcp::serve: mcp http: request refused by the rate limit
2026-08-17T20:41:40.017908Z  WARN lambo::mcp::serve: mcp http: request refused by the rate limit
2026-08-17T20:41:40.017950Z  WARN lambo::mcp::serve: mcp http: request refused by the rate limit
2026-08-17T20:41:40.019060Z  WARN lambo::mcp::serve: mcp http: request refused by the rate limit
2026-08-17T20:41:40.019262Z  WARN lambo::mcp::serve: mcp http: request refused by the rate limit
2026-08-17T20:41:40.019292Z  WARN lambo::mcp::serve: mcp http: request refused by the rate limit
2026-08-17T20:41:40.019321Z  WARN lambo::mcp::serve: mcp http: request refused by the rate limit
2026-08-17T20:41:40.019649Z  WARN lambo::mcp::serve: mcp http: request refused by the rate limit
2026-08-17T20:41:40.020189Z  WARN lambo::mcp::serve: mcp http: request refused by the rate limit
2026-08-17T20:41:40.020235Z  WARN lambo::mcp::serve: mcp http: request refused by the rate limit
2026-08-17T20:41:40.021259Z  WARN lambo::mcp::serve: mcp http: request refused by the rate limit
2026-08-17T20:41:40.021802Z  WARN lambo::mcp::serve: mcp http: request refused by the rate limit
2026-08-17T20:41:40.021877Z  WARN lambo::mcp::serve: mcp http: request refused by the rate limit
2026-08-17T20:41:40.022015Z  WARN lambo::mcp::serve: mcp http: request refused by the rate limit
2026-08-17T20:41:40.022146Z  WARN lambo::mcp::serve: mcp http: request refused by the rate limit
2026-08-17T20:41:40.022239Z  WARN lambo::mcp::serve: mcp http: request refused by the rate limit
2026-08-17T20:41:40.023497Z  WARN lambo::mcp::serve: mcp http: request refused by the rate limit
2026-08-17T20:41:40.023694Z  WARN lambo::mcp::serve: mcp http: request refused by the rate limit
2026-08-17T20:41:40.023825Z  WARN lambo::mcp::serve: mcp http: request refused by the rate limit
2026-08-17T20:41:40.024234Z  WARN lambo::mcp::serve: mcp http: request refused by the rate limit
2026-08-17T20:41:40.024422Z  WARN lambo::mcp::serve: mcp http: request refused by the rate limit
2026-08-17T20:41:40.025332Z  WARN lambo::mcp::serve: mcp http: request refused by the rate limit
2026-08-17T20:41:40.025519Z  WARN lambo::mcp::serve: mcp http: request refused by the rate limit
2026-08-17T20:41:40.025565Z  WARN lambo::mcp::serve: mcp http: request refused by the rate limit
2026-08-17T20:41:40.026123Z  WARN lambo::mcp::serve: mcp http: request refused by the rate limit
2026-08-17T20:41:40.026308Z  WARN lambo::mcp::serve: mcp http: request refused by the rate limit
2026-08-17T20:41:40.026697Z  WARN lambo::mcp::serve: mcp http: request refused by the rate limit
2026-08-17T20:41:40.027305Z  WARN lambo::mcp::serve: mcp http: request refused by the rate limit
2026-08-17T20:41:40.027508Z  WARN lambo::mcp::serve: mcp http: request refused by the rate limit
2026-08-17T20:41:40.027516Z  WARN lambo::mcp::serve: mcp http: request refused by the rate limit
2026-08-17T20:41:40.027665Z  WARN lambo::mcp::serve: mcp http: request refused by the rate limit
2026-08-17T20:41:40.027950Z  WARN lambo::mcp::serve: mcp http: request refused by the rate limit
2026-08-17T20:41:40.028387Z  WARN lambo::mcp::serve: mcp http: request refused by the rate limit
2026-08-17T20:41:40.029275Z  WARN lambo::mcp::serve: mcp http: request refused by the rate limit
2026-08-17T20:41:40.029462Z  WARN lambo::mcp::serve: mcp http: request refused by the rate limit
2026-08-17T20:41:40.029490Z  WARN lambo::mcp::serve: mcp http: request refused by the rate limit
2026-08-17T20:41:40.029549Z  WARN lambo::mcp::serve: mcp http: request refused by the rate limit
2026-08-17T20:41:40.030651Z  WARN lambo::mcp::serve: mcp http: request refused by the rate limit
2026-08-17T20:41:40.030834Z  WARN lambo::mcp::serve: mcp http: request refused by the rate limit
2026-08-17T20:41:40.030841Z  WARN lambo::mcp::serve: mcp http: request refused by the rate limit
2026-08-17T20:41:40.031189Z  WARN lambo::mcp::serve: mcp http: request refused by the rate limit
2026-08-17T20:41:40.031388Z  WARN lambo::mcp::serve: mcp http: request refused by the rate limit
2026-08-17T20:41:40.031580Z  WARN lambo::mcp::serve: mcp http: request refused by the rate limit
2026-08-17T20:41:40.032604Z  WARN lambo::mcp::serve: mcp http: request refused by the rate limit
2026-08-17T20:41:40.032681Z  WARN lambo::mcp::serve: mcp http: request refused by the rate limit
2026-08-17T20:41:40.032848Z  WARN lambo::mcp::serve: mcp http: request refused by the rate limit
2026-08-17T20:41:40.032923Z  WARN lambo::mcp::serve: mcp http: request refused by the rate limit
2026-08-17T20:41:40.033650Z  WARN lambo::mcp::serve: mcp http: request refused by the rate limit
2026-08-17T20:41:40.033905Z  WARN lambo::mcp::serve: mcp http: request refused by the rate limit
2026-08-17T20:41:40.034437Z  WARN lambo::mcp::serve: mcp http: request refused by the rate limit
2026-08-17T20:41:40.034797Z  WARN lambo::mcp::serve: mcp http: request refused by the rate limit
2026-08-17T20:41:40.035192Z  WARN lambo::mcp::serve: mcp http: request refused by the rate limit
2026-08-17T20:41:40.035401Z  WARN lambo::mcp::serve: mcp http: request refused by the rate limit
2026-08-17T20:41:40.035498Z  WARN lambo::mcp::serve: mcp http: request refused by the rate limit
2026-08-17T20:41:40.036259Z  WARN lambo::mcp::serve: mcp http: request refused by the rate limit
2026-08-17T20:41:40.036446Z  WARN lambo::mcp::serve: mcp http: request refused by the rate limit
2026-08-17T20:41:40.037034Z  WARN lambo::mcp::serve: mcp http: request refused by the rate limit
2026-08-17T20:41:40.037049Z  WARN lambo::mcp::serve: mcp http: request refused by the rate limit
2026-08-17T20:41:40.037488Z  WARN lambo::mcp::serve: mcp http: request refused by the rate limit
2026-08-17T20:41:40.037839Z  WARN lambo::mcp::serve: mcp http: request refused by the rate limit
2026-08-17T20:41:40.038040Z  WARN lambo::mcp::serve: mcp http: request refused by the rate limit
2026-08-17T20:41:40.038520Z  WARN lambo::mcp::serve: mcp http: request refused by the rate limit
2026-08-17T20:41:40.038738Z  WARN lambo::mcp::serve: mcp http: request refused by the rate limit
2026-08-17T20:41:40.038782Z  WARN lambo::mcp::serve: mcp http: request refused by the rate limit
2026-08-17T20:41:40.039547Z  WARN lambo::mcp::serve: mcp http: request refused by the rate limit
2026-08-17T20:41:40.040244Z  WARN lambo::mcp::serve: mcp http: request refused by the rate limit
2026-08-17T20:41:40.040321Z  WARN lambo::mcp::serve: mcp http: request refused by the rate limit
2026-08-17T20:41:40.040346Z  WARN lambo::mcp::serve: mcp http: request refused by the rate limit
2026-08-17T20:41:40.040909Z  WARN lambo::mcp::serve: mcp http: request refused by the rate limit
2026-08-17T20:41:40.041068Z  WARN lambo::mcp::serve: mcp http: request refused by the rate limit
2026-08-17T20:41:40.041177Z  WARN lambo::mcp::serve: mcp http: request refused by the rate limit
2026-08-17T20:41:40.041465Z  WARN lambo::mcp::serve: mcp http: request refused by the rate limit
2026-08-17T20:41:40.042704Z  WARN lambo::mcp::serve: mcp http: request refused by the rate limit
2026-08-17T20:41:40.042927Z  WARN lambo::mcp::serve: mcp http: request refused by the rate limit
2026-08-17T20:41:40.043067Z  WARN lambo::mcp::serve: mcp http: request refused by the rate limit
2026-08-17T20:41:40.043339Z  WARN lambo::mcp::serve: mcp http: request refused by the rate limit
2026-08-17T20:41:40.044020Z  WARN lambo::mcp::serve: mcp http: request refused by the rate limit
2026-08-17T20:41:40.044313Z  WARN lambo::mcp::serve: mcp http: request refused by the rate limit
2026-08-17T20:41:40.044502Z  WARN lambo::mcp::serve: mcp http: request refused by the rate limit
2026-08-17T20:41:40.044537Z  WARN lambo::mcp::serve: mcp http: request refused by the rate limit
2026-08-17T20:41:40.044995Z  WARN lambo::mcp::serve: mcp http: request refused by the rate limit
2026-08-17T20:41:40.045186Z  WARN lambo::mcp::serve: mcp http: request refused by the rate limit
2026-08-17T20:41:40.045212Z  WARN lambo::mcp::serve: mcp http: request refused by the rate limit
2026-08-17T20:41:40.046041Z  WARN lambo::mcp::serve: mcp http: request refused by the rate limit
2026-08-17T20:41:40.046225Z  WARN lambo::mcp::serve: mcp http: request refused by the rate limit
2026-08-17T20:41:40.047022Z  WARN lambo::mcp::serve: mcp http: request refused by the rate limit
2026-08-17T20:41:40.047167Z  WARN lambo::mcp::serve: mcp http: request refused by the rate limit
2026-08-17T20:41:40.047451Z  WARN lambo::mcp::serve: mcp http: request refused by the rate limit
2026-08-17T20:41:40.047495Z  WARN lambo::mcp::serve: mcp http: request refused by the rate limit
2026-08-17T20:41:40.047959Z  WARN lambo::mcp::serve: mcp http: request refused by the rate limit
2026-08-17T20:41:40.048231Z  WARN lambo::mcp::serve: mcp http: request refused by the rate limit
2026-08-17T20:41:40.048439Z  WARN lambo::mcp::serve: mcp http: request refused by the rate limit
2026-08-17T20:41:40.048732Z  WARN lambo::mcp::serve: mcp http: request refused by the rate limit
2026-08-17T20:41:40.048973Z  WARN lambo::mcp::serve: mcp http: request refused by the rate limit
2026-08-17T20:41:40.049796Z  WARN lambo::mcp::serve: mcp http: request refused by the rate limit
2026-08-17T20:41:40.050209Z  WARN lambo::mcp::serve: mcp http: request refused by the rate limit
2026-08-17T20:41:40.050210Z  WARN lambo::mcp::serve: mcp http: request refused by the rate limit
2026-08-17T20:41:40.050551Z  WARN lambo::mcp::serve: mcp http: request refused by the rate limit
2026-08-17T20:41:40.050968Z  WARN lambo::mcp::serve: mcp http: request refused by the rate limit
2026-08-17T20:41:40.051217Z  WARN lambo::mcp::serve: mcp http: request refused by the rate limit
2026-08-17T20:41:40.051922Z  WARN lambo::mcp::serve: mcp http: request refused by the rate limit
2026-08-17T20:41:40.052412Z  WARN lambo::mcp::serve: mcp http: request refused by the rate limit
2026-08-17T20:41:40.052670Z  WARN lambo::mcp::serve: mcp http: request refused by the rate limit
2026-08-17T20:41:40.052742Z  WARN lambo::mcp::serve: mcp http: request refused by the rate limit
2026-08-17T20:41:40.053670Z  WARN lambo::mcp::serve: mcp http: request refused by the rate limit
2026-08-17T20:41:40.053858Z  WARN lambo::mcp::serve: mcp http: request refused by the rate limit
2026-08-17T20:41:40.053968Z  WARN lambo::mcp::serve: mcp http: request refused by the rate limit
2026-08-17T20:41:40.054019Z  WARN lambo::mcp::serve: mcp http: request refused by the rate limit
2026-08-17T20:41:40.054120Z  WARN lambo::mcp::serve: mcp http: request refused by the rate limit
2026-08-17T20:41:40.054504Z  WARN lambo::mcp::serve: mcp http: request refused by the rate limit
2026-08-17T20:41:40.054809Z  WARN lambo::mcp::serve: mcp http: request refused by the rate limit
2026-08-17T20:41:40.055380Z  WARN lambo::mcp::serve: mcp http: request refused by the rate limit
2026-08-17T20:41:40.056017Z  WARN lambo::mcp::serve: mcp http: request refused by the rate limit
2026-08-17T20:41:40.056612Z  WARN lambo::mcp::serve: mcp http: request refused by the rate limit
2026-08-17T20:41:40.057078Z  WARN lambo::mcp::serve: mcp http: request refused by the rate limit
2026-08-17T20:41:40.057286Z  WARN lambo::mcp::serve: mcp http: request refused by the rate limit
2026-08-17T20:41:40.057655Z  WARN lambo::mcp::serve: mcp http: request refused by the rate limit
2026-08-17T20:41:40.057874Z  WARN lambo::mcp::serve: mcp http: request refused by the rate limit
2026-08-17T20:41:40.058001Z  WARN lambo::mcp::serve: mcp http: request refused by the rate limit
2026-08-17T20:41:40.058012Z  WARN lambo::mcp::serve: mcp http: request refused by the rate limit
2026-08-17T20:41:40.058517Z  WARN lambo::mcp::serve: mcp http: request refused by the rate limit
2026-08-17T20:41:40.059187Z  WARN lambo::mcp::serve: mcp http: request refused by the rate limit
2026-08-17T20:41:40.059426Z  WARN lambo::mcp::serve: mcp http: request refused by the rate limit
2026-08-17T20:41:40.059661Z  WARN lambo::mcp::serve: mcp http: request refused by the rate limit
2026-08-17T20:41:40.059947Z  WARN lambo::mcp::serve: mcp http: request refused by the rate limit
2026-08-17T20:41:40.060788Z  WARN lambo::mcp::serve: mcp http: request refused by the rate limit
2026-08-17T20:41:40.060795Z  WARN lambo::mcp::serve: mcp http: request refused by the rate limit
2026-08-17T20:41:40.060918Z  WARN lambo::mcp::serve: mcp http: request refused by the rate limit
2026-08-17T20:41:40.062195Z  WARN lambo::mcp::serve: mcp http: request refused by the rate limit
2026-08-17T20:41:40.062363Z  WARN lambo::mcp::serve: mcp http: request refused by the rate limit
2026-08-17T20:41:40.062374Z  WARN lambo::mcp::serve: mcp http: request refused by the rate limit
2026-08-17T20:41:40.062464Z  WARN lambo::mcp::serve: mcp http: request refused by the rate limit
2026-08-17T20:41:40.062807Z  WARN lambo::mcp::serve: mcp http: request refused by the rate limit
2026-08-17T20:41:40.063025Z  WARN lambo::mcp::serve: mcp http: request refused by the rate limit
2026-08-17T20:41:40.063143Z  WARN lambo::mcp::serve: mcp http: request refused by the rate limit
2026-08-17T20:41:40.063606Z  WARN lambo::mcp::serve: mcp http: request refused by the rate limit
2026-08-17T20:41:40.064253Z  WARN lambo::mcp::serve: mcp http: request refused by the rate limit
2026-08-17T20:41:40.064989Z  WARN lambo::mcp::serve: mcp http: request refused by the rate limit
2026-08-17T20:41:40.065194Z  WARN lambo::mcp::serve: mcp http: request refused by the rate limit
2026-08-17T20:41:40.065261Z  WARN lambo::mcp::serve: mcp http: request refused by the rate limit
2026-08-17T20:41:40.065696Z  WARN lambo::mcp::serve: mcp http: request refused by the rate limit
2026-08-17T20:41:40.065986Z  WARN lambo::mcp::serve: mcp http: request refused by the rate limit
2026-08-17T20:41:40.066168Z  WARN lambo::mcp::serve: mcp http: request refused by the rate limit
2026-08-17T20:41:40.066703Z  WARN lambo::mcp::serve: mcp http: request refused by the rate limit
2026-08-17T20:41:40.067414Z  WARN lambo::mcp::serve: mcp http: request refused by the rate limit
2026-08-17T20:41:40.068000Z  WARN lambo::mcp::serve: mcp http: request refused by the rate limit
2026-08-17T20:41:40.068250Z  WARN lambo::mcp::serve: mcp http: request refused by the rate limit
2026-08-17T20:41:40.068322Z  WARN lambo::mcp::serve: mcp http: request refused by the rate limit
2026-08-17T20:41:40.068512Z  WARN lambo::mcp::serve: mcp http: request refused by the rate limit
2026-08-17T20:41:40.068517Z  WARN lambo::mcp::serve: mcp http: request refused by the rate limit
2026-08-17T20:41:40.068843Z  WARN lambo::mcp::serve: mcp http: request refused by the rate limit
2026-08-17T20:41:40.069276Z  WARN lambo::mcp::serve: mcp http: request refused by the rate limit
2026-08-17T20:41:40.069574Z  WARN lambo::mcp::serve: mcp http: request refused by the rate limit
2026-08-17T20:41:40.070028Z  WARN lambo::mcp::serve: mcp http: request refused by the rate limit
2026-08-17T20:41:40.070667Z  WARN lambo::mcp::serve: mcp http: request refused by the rate limit
2026-08-17T20:41:40.071127Z  WARN lambo::mcp::serve: mcp http: request refused by the rate limit
2026-08-17T20:41:40.071343Z  WARN lambo::mcp::serve: mcp http: request refused by the rate limit
2026-08-17T20:41:40.071404Z  WARN lambo::mcp::serve: mcp http: request refused by the rate limit
2026-08-17T20:41:40.071820Z  WARN lambo::mcp::serve: mcp http: request refused by the rate limit
2026-08-17T20:41:40.072010Z  WARN lambo::mcp::serve: mcp http: request refused by the rate limit
2026-08-17T20:41:40.072839Z  WARN lambo::mcp::serve: mcp http: request refused by the rate limit
2026-08-17T20:41:40.073126Z  WARN lambo::mcp::serve: mcp http: request refused by the rate limit
2026-08-17T20:41:40.073288Z  WARN lambo::mcp::serve: mcp http: request refused by the rate limit
2026-08-17T20:41:40.073542Z  WARN lambo::mcp::serve: mcp http: request refused by the rate limit
2026-08-17T20:41:40.073818Z  WARN lambo::mcp::serve: mcp http: request refused by the rate limit
2026-08-17T20:41:40.073821Z  WARN lambo::mcp::serve: mcp http: request refused by the rate limit
2026-08-17T20:41:40.074448Z  WARN lambo::mcp::serve: mcp http: request refused by the rate limit
2026-08-17T20:41:40.074623Z  WARN lambo::mcp::serve: mcp http: request refused by the rate limit
2026-08-17T20:41:40.075151Z  WARN lambo::mcp::serve: mcp http: request refused by the rate limit
2026-08-17T20:41:40.075521Z  WARN lambo::mcp::serve: mcp http: request refused by the rate limit
2026-08-17T20:41:40.075781Z  WARN lambo::mcp::serve: mcp http: request refused by the rate limit
2026-08-17T20:41:40.076147Z  WARN lambo::mcp::serve: mcp http: request refused by the rate limit
2026-08-17T20:41:40.076500Z  WARN lambo::mcp::serve: mcp http: request refused by the rate limit
2026-08-17T20:41:40.076792Z  WARN lambo::mcp::serve: mcp http: request refused by the rate limit
2026-08-17T20:41:40.077304Z  WARN lambo::mcp::serve: mcp http: request refused by the rate limit
2026-08-17T20:41:40.077630Z  WARN lambo::mcp::serve: mcp http: request refused by the rate limit
2026-08-17T20:41:40.077812Z  WARN lambo::mcp::serve: mcp http: request refused by the rate limit
2026-08-17T20:41:40.078124Z  WARN lambo::mcp::serve: mcp http: request refused by the rate limit
2026-08-17T20:41:40.078327Z  WARN lambo::mcp::serve: mcp http: request refused by the rate limit
2026-08-17T20:41:40.078397Z  WARN lambo::mcp::serve: mcp http: request refused by the rate limit
2026-08-17T20:41:40.078438Z  WARN lambo::mcp::serve: mcp http: request refused by the rate limit
2026-08-17T20:41:40.079359Z  WARN lambo::mcp::serve: mcp http: request refused by the rate limit
2026-08-17T20:41:40.079873Z  WARN lambo::mcp::serve: mcp http: request refused by the rate limit
2026-08-17T20:41:40.080574Z  WARN lambo::mcp::serve: mcp http: request refused by the rate limit
2026-08-17T20:41:40.080586Z  WARN lambo::mcp::serve: mcp http: request refused by the rate limit
2026-08-17T20:41:40.080868Z  WARN lambo::mcp::serve: mcp http: request refused by the rate limit
2026-08-17T20:41:40.080970Z  WARN lambo::mcp::serve: mcp http: request refused by the rate limit
2026-08-17T20:41:40.081649Z  WARN lambo::mcp::serve: mcp http: request refused by the rate limit
2026-08-17T20:41:40.082018Z  WARN lambo::mcp::serve: mcp http: request refused by the rate limit
2026-08-17T20:41:40.082301Z  WARN lambo::mcp::serve: mcp http: request refused by the rate limit
2026-08-17T20:41:40.082933Z  WARN lambo::mcp::serve: mcp http: request refused by the rate limit
2026-08-17T20:41:40.083118Z  WARN lambo::mcp::serve: mcp http: request refused by the rate limit
2026-08-17T20:41:40.083876Z  WARN lambo::mcp::serve: mcp http: request refused by the rate limit
2026-08-17T20:41:40.084091Z  WARN lambo::mcp::serve: mcp http: request refused by the rate limit
2026-08-17T20:41:40.084199Z  WARN lambo::mcp::serve: mcp http: request refused by the rate limit
2026-08-17T20:41:40.084631Z  WARN lambo::mcp::serve: mcp http: request refused by the rate limit
2026-08-17T20:41:40.085134Z  WARN lambo::mcp::serve: mcp http: request refused by the rate limit
2026-08-17T20:41:40.085330Z  WARN lambo::mcp::serve: mcp http: request refused by the rate limit
2026-08-17T20:41:40.085941Z  WARN lambo::mcp::serve: mcp http: request refused by the rate limit
2026-08-17T20:41:40.086238Z  WARN lambo::mcp::serve: mcp http: request refused by the rate limit
2026-08-17T20:41:40.086440Z  WARN lambo::mcp::serve: mcp http: request refused by the rate limit
2026-08-17T20:41:40.086636Z  WARN lambo::mcp::serve: mcp http: request refused by the rate limit
2026-08-17T20:41:40.086909Z  WARN lambo::mcp::serve: mcp http: request refused by the rate limit
2026-08-17T20:41:40.087399Z  WARN lambo::mcp::serve: mcp http: request refused by the rate limit
2026-08-17T20:41:40.087640Z  WARN lambo::mcp::serve: mcp http: request refused by the rate limit
2026-08-17T20:41:40.088072Z  WARN lambo::mcp::serve: mcp http: request refused by the rate limit
2026-08-17T20:41:40.088433Z  WARN lambo::mcp::serve: mcp http: request refused by the rate limit
2026-08-17T20:41:40.088575Z  WARN lambo::mcp::serve: mcp http: request refused by the rate limit
2026-08-17T20:41:40.089308Z  WARN lambo::mcp::serve: mcp http: request refused by the rate limit
2026-08-17T20:41:40.089573Z  WARN lambo::mcp::serve: mcp http: request refused by the rate limit
2026-08-17T20:41:40.089893Z  WARN lambo::mcp::serve: mcp http: request refused by the rate limit
2026-08-17T20:41:40.090229Z  WARN lambo::mcp::serve: mcp http: request refused by the rate limit
2026-08-17T20:41:40.090422Z  WARN lambo::mcp::serve: mcp http: request refused by the rate limit
2026-08-17T20:41:40.090471Z  WARN lambo::mcp::serve: mcp http: request refused by the rate limit
2026-08-17T20:41:40.090471Z  WARN lambo::mcp::serve: mcp http: request refused by the rate limit
2026-08-17T20:41:40.090539Z  WARN lambo::mcp::serve: mcp http: request refused by the rate limit
2026-08-17T20:41:40.090598Z  WARN lambo::mcp::serve: mcp http: request refused by the rate limit
2026-08-17T20:41:40.092161Z  WARN lambo::mcp::serve: mcp http: request refused by the rate limit
2026-08-17T20:41:40.092368Z  WARN lambo::mcp::serve: mcp http: request refused by the rate limit
2026-08-17T20:41:40.092420Z  WARN lambo::mcp::serve: mcp http: request refused by the rate limit
2026-08-17T20:41:40.092788Z  WARN lambo::mcp::serve: mcp http: request refused by the rate limit
2026-08-17T20:41:40.092996Z  WARN lambo::mcp::serve: mcp http: request refused by the rate limit
2026-08-17T20:41:40.093009Z  WARN lambo::mcp::serve: mcp http: request refused by the rate limit
2026-08-17T20:41:40.093500Z  WARN lambo::mcp::serve: mcp http: request refused by the rate limit
2026-08-17T20:41:40.094065Z  WARN lambo::mcp::serve: mcp http: request refused by the rate limit
2026-08-17T20:41:40.094356Z  WARN lambo::mcp::serve: mcp http: request refused by the rate limit
2026-08-17T20:41:40.095053Z  WARN lambo::mcp::serve: mcp http: request refused by the rate limit
2026-08-17T20:41:40.095283Z  WARN lambo::mcp::serve: mcp http: request refused by the rate limit
2026-08-17T20:41:40.095707Z  WARN lambo::mcp::serve: mcp http: request refused by the rate limit
2026-08-17T20:41:40.095932Z  WARN lambo::mcp::serve: mcp http: request refused by the rate limit
2026-08-17T20:41:40.096152Z  WARN lambo::mcp::serve: mcp http: request refused by the rate limit
2026-08-17T20:41:40.096361Z  WARN lambo::mcp::serve: mcp http: request refused by the rate limit
2026-08-17T20:41:40.097038Z  WARN lambo::mcp::serve: mcp http: request refused by the rate limit
2026-08-17T20:41:40.097233Z  WARN lambo::mcp::serve: mcp http: request refused by the rate limit
2026-08-17T20:41:40.097276Z  WARN lambo::mcp::serve: mcp http: request refused by the rate limit
2026-08-17T20:41:40.097787Z  WARN lambo::mcp::serve: mcp http: request refused by the rate limit
2026-08-17T20:41:40.098594Z  WARN lambo::mcp::serve: mcp http: request refused by the rate limit
2026-08-17T20:41:40.098800Z  WARN lambo::mcp::serve: mcp http: request refused by the rate limit
2026-08-17T20:41:40.098827Z  WARN lambo::mcp::serve: mcp http: request refused by the rate limit
2026-08-17T20:41:40.098902Z  WARN lambo::mcp::serve: mcp http: request refused by the rate limit
2026-08-17T20:41:40.099151Z  WARN lambo::mcp::serve: mcp http: request refused by the rate limit
2026-08-17T20:41:40.099655Z  WARN lambo::mcp::serve: mcp http: request refused by the rate limit
2026-08-17T20:41:40.100748Z  WARN lambo::mcp::serve: mcp http: request refused by the rate limit
2026-08-17T20:41:40.100790Z  WARN lambo::mcp::serve: mcp http: request refused by the rate limit
2026-08-17T20:41:40.100860Z  WARN lambo::mcp::serve: mcp http: request refused by the rate limit
2026-08-17T20:41:40.101491Z  WARN lambo::mcp::serve: mcp http: request refused by the rate limit
2026-08-17T20:41:40.102472Z  WARN lambo::mcp::serve: mcp http: request refused by the rate limit
2026-08-17T20:41:40.102800Z  WARN lambo::mcp::serve: mcp http: request refused by the rate limit
2026-08-17T20:41:40.103065Z  WARN lambo::mcp::serve: mcp http: request refused by the rate limit
2026-08-17T20:41:40.103462Z  WARN lambo::mcp::serve: mcp http: request refused by the rate limit
2026-08-17T20:41:40.103714Z  WARN lambo::mcp::serve: mcp http: request refused by the rate limit
2026-08-17T20:41:40.103861Z  WARN lambo::mcp::serve: mcp http: request refused by the rate limit
2026-08-17T20:41:40.104213Z  WARN lambo::mcp::serve: mcp http: request refused by the rate limit
2026-08-17T20:41:40.104289Z  WARN lambo::mcp::serve: mcp http: request refused by the rate limit
2026-08-17T20:41:40.105204Z  WARN lambo::mcp::serve: mcp http: request refused by the rate limit
2026-08-17T20:41:40.105436Z  WARN lambo::mcp::serve: mcp http: request refused by the rate limit
2026-08-17T20:41:40.105659Z  WARN lambo::mcp::serve: mcp http: request refused by the rate limit
2026-08-17T20:41:40.105923Z  WARN lambo::mcp::serve: mcp http: request refused by the rate limit
2026-08-17T20:41:40.106679Z  WARN lambo::mcp::serve: mcp http: request refused by the rate limit
2026-08-17T20:41:40.106722Z  WARN lambo::mcp::serve: mcp http: request refused by the rate limit
2026-08-17T20:41:40.106887Z  WARN lambo::mcp::serve: mcp http: request refused by the rate limit
2026-08-17T20:41:40.107925Z  WARN lambo::mcp::serve: mcp http: request refused by the rate limit
2026-08-17T20:41:40.108172Z  WARN lambo::mcp::serve: mcp http: request refused by the rate limit
2026-08-17T20:41:40.108192Z  WARN lambo::mcp::serve: mcp http: request refused by the rate limit
2026-08-17T20:41:40.108204Z  WARN lambo::mcp::serve: mcp http: request refused by the rate limit
2026-08-17T20:41:40.108769Z  WARN lambo::mcp::serve: mcp http: request refused by the rate limit
2026-08-17T20:41:40.109285Z  WARN lambo::mcp::serve: mcp http: request refused by the rate limit
2026-08-17T20:41:40.109480Z  WARN lambo::mcp::serve: mcp http: request refused by the rate limit
2026-08-17T20:41:40.109584Z  WARN lambo::mcp::serve: mcp http: request refused by the rate limit
2026-08-17T20:41:40.110309Z  WARN lambo::mcp::serve: mcp http: request refused by the rate limit
2026-08-17T20:41:40.111043Z  WARN lambo::mcp::serve: mcp http: request refused by the rate limit
2026-08-17T20:41:40.111245Z  WARN lambo::mcp::serve: mcp http: request refused by the rate limit
2026-08-17T20:41:40.111610Z  WARN lambo::mcp::serve: mcp http: request refused by the rate limit
2026-08-17T20:41:40.111844Z  WARN lambo::mcp::serve: mcp http: request refused by the rate limit
2026-08-17T20:41:40.112289Z  WARN lambo::mcp::serve: mcp http: request refused by the rate limit
2026-08-17T20:41:40.112543Z  WARN lambo::mcp::serve: mcp http: request refused by the rate limit
2026-08-17T20:41:40.112992Z  WARN lambo::mcp::serve: mcp http: request refused by the rate limit
2026-08-17T20:41:40.113287Z  WARN lambo::mcp::serve: mcp http: request refused by the rate limit
2026-08-17T20:41:40.113622Z  WARN lambo::mcp::serve: mcp http: request refused by the rate limit
2026-08-17T20:41:40.113900Z  WARN lambo::mcp::serve: mcp http: request refused by the rate limit
2026-08-17T20:41:40.114100Z  WARN lambo::mcp::serve: mcp http: request refused by the rate limit
2026-08-17T20:41:40.114761Z  WARN lambo::mcp::serve: mcp http: request refused by the rate limit
2026-08-17T20:41:40.114957Z  WARN lambo::mcp::serve: mcp http: request refused by the rate limit
2026-08-17T20:41:40.115007Z  WARN lambo::mcp::serve: mcp http: request refused by the rate limit
2026-08-17T20:41:40.115642Z  WARN lambo::mcp::serve: mcp http: request refused by the rate limit
2026-08-17T20:41:40.115836Z  WARN lambo::mcp::serve: mcp http: request refused by the rate limit
2026-08-17T20:41:40.115991Z  WARN lambo::mcp::serve: mcp http: request refused by the rate limit
2026-08-17T20:41:40.116452Z  WARN lambo::mcp::serve: mcp http: request refused by the rate limit
2026-08-17T20:41:40.117144Z  WARN lambo::mcp::serve: mcp http: request refused by the rate limit
2026-08-17T20:41:40.117565Z  WARN lambo::mcp::serve: mcp http: request refused by the rate limit
2026-08-17T20:41:40.117763Z  WARN lambo::mcp::serve: mcp http: request refused by the rate limit
2026-08-17T20:41:40.117787Z  WARN lambo::mcp::serve: mcp http: request refused by the rate limit
2026-08-17T20:41:40.118046Z  WARN lambo::mcp::serve: mcp http: request refused by the rate limit
2026-08-17T20:41:40.118461Z  WARN lambo::mcp::serve: mcp http: request refused by the rate limit
2026-08-17T20:41:40.119066Z  WARN lambo::mcp::serve: mcp http: request refused by the rate limit
2026-08-17T20:41:40.119385Z  WARN lambo::mcp::serve: mcp http: request refused by the rate limit
2026-08-17T20:41:40.119584Z  WARN lambo::mcp::serve: mcp http: request refused by the rate limit
2026-08-17T20:41:40.119811Z  WARN lambo::mcp::serve: mcp http: request refused by the rate limit
2026-08-17T20:41:40.120725Z  WARN lambo::mcp::serve: mcp http: request refused by the rate limit
2026-08-17T20:41:40.121255Z  WARN lambo::mcp::serve: mcp http: request refused by the rate limit
2026-08-17T20:41:40.121510Z  WARN lambo::mcp::serve: mcp http: request refused by the rate limit
2026-08-17T20:41:40.121599Z  WARN lambo::mcp::serve: mcp http: request refused by the rate limit
2026-08-17T20:41:40.121630Z  WARN lambo::mcp::serve: mcp http: request refused by the rate limit
2026-08-17T20:41:40.122260Z  WARN lambo::mcp::serve: mcp http: request refused by the rate limit
2026-08-17T20:41:40.122410Z  WARN lambo::mcp::serve: mcp http: request refused by the rate limit
2026-08-17T20:41:40.123503Z  WARN lambo::mcp::serve: mcp http: request refused by the rate limit
2026-08-17T20:41:40.123779Z  WARN lambo::mcp::serve: mcp http: request refused by the rate limit
2026-08-17T20:41:40.124194Z  WARN lambo::mcp::serve: mcp http: request refused by the rate limit
2026-08-17T20:41:40.124526Z  WARN lambo::mcp::serve: mcp http: request refused by the rate limit
2026-08-17T20:41:40.124734Z  WARN lambo::mcp::serve: mcp http: request refused by the rate limit
2026-08-17T20:41:40.124762Z  WARN lambo::mcp::serve: mcp http: request refused by the rate limit
2026-08-17T20:41:40.125363Z  WARN lambo::mcp::serve: mcp http: request refused by the rate limit
2026-08-17T20:41:40.125587Z  WARN lambo::mcp::serve: mcp http: request refused by the rate limit
2026-08-17T20:41:40.126037Z  WARN lambo::mcp::serve: mcp http: request refused by the rate limit
2026-08-17T20:41:40.126217Z  WARN lambo::mcp::serve: mcp http: request refused by the rate limit
2026-08-17T20:41:40.126362Z  WARN lambo::mcp::serve: mcp http: request refused by the rate limit
2026-08-17T20:41:40.126547Z  WARN lambo::mcp::serve: mcp http: request refused by the rate limit
2026-08-17T20:41:40.127018Z  WARN lambo::mcp::serve: mcp http: request refused by the rate limit
2026-08-17T20:41:40.127298Z  WARN lambo::mcp::serve: mcp http: request refused by the rate limit
2026-08-17T20:41:40.127788Z  WARN lambo::mcp::serve: mcp http: request refused by the rate limit
2026-08-17T20:41:40.128050Z  WARN lambo::mcp::serve: mcp http: request refused by the rate limit
2026-08-17T20:41:40.128341Z  WARN lambo::mcp::serve: mcp http: request refused by the rate limit
2026-08-17T20:41:40.128811Z  WARN lambo::mcp::serve: mcp http: request refused by the rate limit
2026-08-17T20:41:40.129030Z  WARN lambo::mcp::serve: mcp http: request refused by the rate limit
2026-08-17T20:41:40.129049Z  WARN lambo::mcp::serve: mcp http: request refused by the rate limit
2026-08-17T20:41:40.130086Z  WARN lambo::mcp::serve: mcp http: request refused by the rate limit
2026-08-17T20:41:40.130344Z  WARN lambo::mcp::serve: mcp http: request refused by the rate limit
2026-08-17T20:41:40.130753Z  WARN lambo::mcp::serve: mcp http: request refused by the rate limit
2026-08-17T20:41:40.130820Z  WARN lambo::mcp::serve: mcp http: request refused by the rate limit
2026-08-17T20:41:40.130826Z  WARN lambo::mcp::serve: mcp http: request refused by the rate limit
2026-08-17T20:41:40.130999Z  WARN lambo::mcp::serve: mcp http: request refused by the rate limit
2026-08-17T20:41:40.131457Z  WARN lambo::mcp::serve: mcp http: request refused by the rate limit
2026-08-17T20:41:40.131647Z  WARN lambo::mcp::serve: mcp http: request refused by the rate limit
2026-08-17T20:41:40.132528Z  WARN lambo::mcp::serve: mcp http: request refused by the rate limit
2026-08-17T20:41:40.132757Z  WARN lambo::mcp::serve: mcp http: request refused by the rate limit
2026-08-17T20:41:40.132873Z  WARN lambo::mcp::serve: mcp http: request refused by the rate limit
2026-08-17T20:41:40.132955Z  WARN lambo::mcp::serve: mcp http: request refused by the rate limit
2026-08-17T20:41:40.133400Z  WARN lambo::mcp::serve: mcp http: request refused by the rate limit
2026-08-17T20:41:40.133635Z  WARN lambo::mcp::serve: mcp http: request refused by the rate limit
2026-08-17T20:41:40.133910Z  WARN lambo::mcp::serve: mcp http: request refused by the rate limit
2026-08-17T20:41:40.134616Z  WARN lambo::mcp::serve: mcp http: request refused by the rate limit
2026-08-17T20:41:40.134902Z  WARN lambo::mcp::serve: mcp http: request refused by the rate limit
2026-08-17T20:41:40.135102Z  WARN lambo::mcp::serve: mcp http: request refused by the rate limit
2026-08-17T20:41:40.135157Z  WARN lambo::mcp::serve: mcp http: request refused by the rate limit
2026-08-17T20:41:40.135612Z  WARN lambo::mcp::serve: mcp http: request refused by the rate limit
2026-08-17T20:41:40.136224Z  WARN lambo::mcp::serve: mcp http: request refused by the rate limit
2026-08-17T20:41:40.136402Z  WARN lambo::mcp::serve: mcp http: request refused by the rate limit
2026-08-17T20:41:40.136797Z  WARN lambo::mcp::serve: mcp http: request refused by the rate limit
2026-08-17T20:41:40.137074Z  WARN lambo::mcp::serve: mcp http: request refused by the rate limit
2026-08-17T20:41:40.137127Z  WARN lambo::mcp::serve: mcp http: request refused by the rate limit
2026-08-17T20:41:40.137511Z  WARN lambo::mcp::serve: mcp http: request refused by the rate limit
2026-08-17T20:41:40.138004Z  WARN lambo::mcp::serve: mcp http: request refused by the rate limit
2026-08-17T20:41:40.138062Z  WARN lambo::mcp::serve: mcp http: request refused by the rate limit
2026-08-17T20:41:40.138643Z  WARN lambo::mcp::serve: mcp http: request refused by the rate limit
2026-08-17T20:41:40.139208Z  WARN lambo::mcp::serve: mcp http: request refused by the rate limit
2026-08-17T20:41:40.139233Z  WARN lambo::mcp::serve: mcp http: request refused by the rate limit
2026-08-17T20:41:40.139375Z  WARN lambo::mcp::serve: mcp http: request refused by the rate limit
2026-08-17T20:41:40.139688Z  WARN lambo::mcp::serve: mcp http: request refused by the rate limit
2026-08-17T20:41:40.139783Z  WARN lambo::mcp::serve: mcp http: request refused by the rate limit
2026-08-17T20:41:40.141081Z  WARN lambo::mcp::serve: mcp http: request refused by the rate limit
2026-08-17T20:41:40.141183Z  WARN lambo::mcp::serve: mcp http: request refused by the rate limit
2026-08-17T20:41:40.141190Z  WARN lambo::mcp::serve: mcp http: request refused by the rate limit
2026-08-17T20:41:40.141260Z  WARN lambo::mcp::serve: mcp http: request refused by the rate limit
2026-08-17T20:41:40.141997Z  WARN lambo::mcp::serve: mcp http: request refused by the rate limit
2026-08-17T20:41:40.142223Z  WARN lambo::mcp::serve: mcp http: request refused by the rate limit
2026-08-17T20:41:40.142409Z  WARN lambo::mcp::serve: mcp http: request refused by the rate limit
2026-08-17T20:41:40.142430Z  WARN lambo::mcp::serve: mcp http: request refused by the rate limit
2026-08-17T20:41:40.143227Z  WARN lambo::mcp::serve: mcp http: request refused by the rate limit
2026-08-17T20:41:40.143636Z  WARN lambo::mcp::serve: mcp http: request refused by the rate limit
2026-08-17T20:41:40.143810Z  WARN lambo::mcp::serve: mcp http: request refused by the rate limit
2026-08-17T20:41:40.144157Z  WARN lambo::mcp::serve: mcp http: request refused by the rate limit
2026-08-17T20:41:40.144330Z  WARN lambo::mcp::serve: mcp http: request refused by the rate limit
2026-08-17T20:41:40.144599Z  WARN lambo::mcp::serve: mcp http: request refused by the rate limit
2026-08-17T20:41:40.145131Z  WARN lambo::mcp::serve: mcp http: request refused by the rate limit
2026-08-17T20:41:40.145559Z  WARN lambo::mcp::serve: mcp http: request refused by the rate limit
2026-08-17T20:41:40.145775Z  WARN lambo::mcp::serve: mcp http: request refused by the rate limit
2026-08-17T20:41:40.145974Z  WARN lambo::mcp::serve: mcp http: request refused by the rate limit
2026-08-17T20:41:40.146011Z  WARN lambo::mcp::serve: mcp http: request refused by the rate limit
2026-08-17T20:41:40.146536Z  WARN lambo::mcp::serve: mcp http: request refused by the rate limit
2026-08-17T20:41:40.146860Z  WARN lambo::mcp::serve: mcp http: request refused by the rate limit
2026-08-17T20:41:40.147184Z  WARN lambo::mcp::serve: mcp http: request refused by the rate limit
2026-08-17T20:41:40.147378Z  WARN lambo::mcp::serve: mcp http: request refused by the rate limit
2026-08-17T20:41:40.147607Z  WARN lambo::mcp::serve: mcp http: request refused by the rate limit
2026-08-17T20:41:40.148005Z  WARN lambo::mcp::serve: mcp http: request refused by the rate limit
2026-08-17T20:41:40.148128Z  WARN lambo::mcp::serve: mcp http: request refused by the rate limit
2026-08-17T20:41:40.148235Z  WARN lambo::mcp::serve: mcp http: request refused by the rate limit
2026-08-17T20:41:40.148631Z  WARN lambo::mcp::serve: mcp http: request refused by the rate limit
2026-08-17T20:41:40.148807Z  WARN lambo::mcp::serve: mcp http: request refused by the rate limit
2026-08-17T20:41:40.149527Z  WARN lambo::mcp::serve: mcp http: request refused by the rate limit
2026-08-17T20:41:40.149561Z  WARN lambo::mcp::serve: mcp http: request refused by the rate limit
2026-08-17T20:41:40.149964Z  WARN lambo::mcp::serve: mcp http: request refused by the rate limit
2026-08-17T20:41:40.149977Z  WARN lambo::mcp::serve: mcp http: request refused by the rate limit
2026-08-17T20:41:40.150085Z  WARN lambo::mcp::serve: mcp http: request refused by the rate limit
2026-08-17T20:41:40.150732Z  WARN lambo::mcp::serve: mcp http: request refused by the rate limit
2026-08-17T20:41:40.151139Z  WARN lambo::mcp::serve: mcp http: request refused by the rate limit
2026-08-17T20:41:40.151311Z  WARN lambo::mcp::serve: mcp http: request refused by the rate limit
2026-08-17T20:41:40.151387Z  WARN lambo::mcp::serve: mcp http: request refused by the rate limit
2026-08-17T20:41:40.152171Z  WARN lambo::mcp::serve: mcp http: request refused by the rate limit
2026-08-17T20:41:40.152377Z  WARN lambo::mcp::serve: mcp http: request refused by the rate limit
2026-08-17T20:41:40.152461Z  WARN lambo::mcp::serve: mcp http: request refused by the rate limit
2026-08-17T20:41:40.152747Z  WARN lambo::mcp::serve: mcp http: request refused by the rate limit
2026-08-17T20:41:40.152946Z  WARN lambo::mcp::serve: mcp http: request refused by the rate limit
2026-08-17T20:41:40.153005Z  WARN lambo::mcp::serve: mcp http: request refused by the rate limit
2026-08-17T20:41:40.153145Z  WARN lambo::mcp::serve: mcp http: request refused by the rate limit
2026-08-17T20:41:40.153827Z  WARN lambo::mcp::serve: mcp http: request refused by the rate limit
2026-08-17T20:41:40.154064Z  WARN lambo::mcp::serve: mcp http: request refused by the rate limit
2026-08-17T20:41:40.154758Z  WARN lambo::mcp::serve: mcp http: request refused by the rate limit
2026-08-17T20:41:40.155103Z  WARN lambo::mcp::serve: mcp http: request refused by the rate limit
2026-08-17T20:41:40.155315Z  WARN lambo::mcp::serve: mcp http: request refused by the rate limit
2026-08-17T20:41:40.155526Z  WARN lambo::mcp::serve: mcp http: request refused by the rate limit
2026-08-17T20:41:40.155728Z  WARN lambo::mcp::serve: mcp http: request refused by the rate limit
2026-08-17T20:41:40.155974Z  WARN lambo::mcp::serve: mcp http: request refused by the rate limit
2026-08-17T20:41:40.156545Z  WARN lambo::mcp::serve: mcp http: request refused by the rate limit
2026-08-17T20:41:40.156742Z  WARN lambo::mcp::serve: mcp http: request refused by the rate limit
2026-08-17T20:41:40.157087Z  WARN lambo::mcp::serve: mcp http: request refused by the rate limit
2026-08-17T20:41:40.157283Z  WARN lambo::mcp::serve: mcp http: request refused by the rate limit
2026-08-17T20:41:40.157389Z  WARN lambo::mcp::serve: mcp http: request refused by the rate limit
2026-08-17T20:41:40.157619Z  WARN lambo::mcp::serve: mcp http: request refused by the rate limit
2026-08-17T20:41:40.158346Z  WARN lambo::mcp::serve: mcp http: request refused by the rate limit
2026-08-17T20:41:40.158526Z  WARN lambo::mcp::serve: mcp http: request refused by the rate limit
2026-08-17T20:41:40.158823Z  WARN lambo::mcp::serve: mcp http: request refused by the rate limit
2026-08-17T20:41:40.159500Z  WARN lambo::mcp::serve: mcp http: request refused by the rate limit
2026-08-17T20:41:40.159741Z  WARN lambo::mcp::serve: mcp http: request refused by the rate limit
2026-08-17T20:41:40.160492Z  WARN lambo::mcp::serve: mcp http: request refused by the rate limit
2026-08-17T20:41:40.160717Z  WARN lambo::mcp::serve: mcp http: request refused by the rate limit
2026-08-17T20:41:40.160898Z  WARN lambo::mcp::serve: mcp http: request refused by the rate limit
2026-08-17T20:41:40.161143Z  WARN lambo::mcp::serve: mcp http: request refused by the rate limit
2026-08-17T20:41:40.161332Z  WARN lambo::mcp::serve: mcp http: request refused by the rate limit
2026-08-17T20:41:40.162400Z  WARN lambo::mcp::serve: mcp http: request refused by the rate limit
2026-08-17T20:41:40.162754Z  WARN lambo::mcp::serve: mcp http: request refused by the rate limit
2026-08-17T20:41:40.162903Z  WARN lambo::mcp::serve: mcp http: request refused by the rate limit
2026-08-17T20:41:40.163072Z  WARN lambo::mcp::serve: mcp http: request refused by the rate limit
2026-08-17T20:41:40.163661Z  WARN lambo::mcp::serve: mcp http: request refused by the rate limit
2026-08-17T20:41:40.163792Z  WARN lambo::mcp::serve: mcp http: request refused by the rate limit
2026-08-17T20:41:40.164437Z  WARN lambo::mcp::serve: mcp http: request refused by the rate limit
2026-08-17T20:41:40.164614Z  WARN lambo::mcp::serve: mcp http: request refused by the rate limit
2026-08-17T20:41:40.165076Z  WARN lambo::mcp::serve: mcp http: request refused by the rate limit
2026-08-17T20:41:40.165279Z  WARN lambo::mcp::serve: mcp http: request refused by the rate limit
2026-08-17T20:41:40.165640Z  WARN lambo::mcp::serve: mcp http: request refused by the rate limit
2026-08-17T20:41:40.165846Z  WARN lambo::mcp::serve: mcp http: request refused by the rate limit
2026-08-17T20:41:40.166617Z  WARN lambo::mcp::serve: mcp http: request refused by the rate limit
2026-08-17T20:41:40.166869Z  WARN lambo::mcp::serve: mcp http: request refused by the rate limit
2026-08-17T20:41:40.167159Z  WARN lambo::mcp::serve: mcp http: request refused by the rate limit
2026-08-17T20:41:40.167388Z  WARN lambo::mcp::serve: mcp http: request refused by the rate limit
2026-08-17T20:41:40.167390Z  WARN lambo::mcp::serve: mcp http: request refused by the rate limit
2026-08-17T20:41:40.168023Z  WARN lambo::mcp::serve: mcp http: request refused by the rate limit
2026-08-17T20:41:40.168341Z  WARN lambo::mcp::serve: mcp http: request refused by the rate limit
2026-08-17T20:41:40.168531Z  WARN lambo::mcp::serve: mcp http: request refused by the rate limit
2026-08-17T20:41:40.168650Z  WARN lambo::mcp::serve: mcp http: request refused by the rate limit
2026-08-17T20:41:40.169502Z  WARN lambo::mcp::serve: mcp http: request refused by the rate limit
2026-08-17T20:41:40.169752Z  WARN lambo::mcp::serve: mcp http: request refused by the rate limit
2026-08-17T20:41:40.169843Z  WARN lambo::mcp::serve: mcp http: request refused by the rate limit
2026-08-17T20:41:40.169951Z  WARN lambo::mcp::serve: mcp http: request refused by the rate limit
2026-08-17T20:41:40.170897Z  WARN lambo::mcp::serve: mcp http: request refused by the rate limit
2026-08-17T20:41:40.171171Z  WARN lambo::mcp::serve: mcp http: request refused by the rate limit
2026-08-17T20:41:40.171176Z  WARN lambo::mcp::serve: mcp http: request refused by the rate limit
2026-08-17T20:41:40.171231Z  WARN lambo::mcp::serve: mcp http: request refused by the rate limit
2026-08-17T20:41:40.171745Z  WARN lambo::mcp::serve: mcp http: request refused by the rate limit
2026-08-17T20:41:40.172143Z  WARN lambo::mcp::serve: mcp http: request refused by the rate limit
2026-08-17T20:41:40.172604Z  WARN lambo::mcp::serve: mcp http: request refused by the rate limit
2026-08-17T20:41:40.172919Z  WARN lambo::mcp::serve: mcp http: request refused by the rate limit
2026-08-17T20:41:40.173132Z  WARN lambo::mcp::serve: mcp http: request refused by the rate limit
2026-08-17T20:41:40.173216Z  WARN lambo::mcp::serve: mcp http: request refused by the rate limit
2026-08-17T20:41:40.173831Z  WARN lambo::mcp::serve: mcp http: request refused by the rate limit
2026-08-17T20:41:40.173891Z  WARN lambo::mcp::serve: mcp http: request refused by the rate limit
2026-08-17T20:41:40.174765Z  WARN lambo::mcp::serve: mcp http: request refused by the rate limit
2026-08-17T20:41:40.175124Z  WARN lambo::mcp::serve: mcp http: request refused by the rate limit
2026-08-17T20:41:40.175284Z  WARN lambo::mcp::serve: mcp http: request refused by the rate limit
2026-08-17T20:41:40.175441Z  WARN lambo::mcp::serve: mcp http: request refused by the rate limit
2026-08-17T20:41:40.176136Z  WARN lambo::mcp::serve: mcp http: request refused by the rate limit
2026-08-17T20:41:40.176404Z  WARN lambo::mcp::serve: mcp http: request refused by the rate limit
2026-08-17T20:41:40.176797Z  WARN lambo::mcp::serve: mcp http: request refused by the rate limit
2026-08-17T20:41:40.176839Z  WARN lambo::mcp::serve: mcp http: request refused by the rate limit
2026-08-17T20:41:40.177002Z  WARN lambo::mcp::serve: mcp http: request refused by the rate limit
2026-08-17T20:41:40.177339Z  WARN lambo::mcp::serve: mcp http: request refused by the rate limit
2026-08-17T20:41:40.177943Z  WARN lambo::mcp::serve: mcp http: request refused by the rate limit
2026-08-17T20:41:40.178158Z  WARN lambo::mcp::serve: mcp http: request refused by the rate limit
2026-08-17T20:41:40.178269Z  WARN lambo::mcp::serve: mcp http: request refused by the rate limit
2026-08-17T20:41:40.178426Z  WARN lambo::mcp::serve: mcp http: request refused by the rate limit
2026-08-17T20:41:40.178729Z  WARN lambo::mcp::serve: mcp http: request refused by the rate limit
2026-08-17T20:41:40.179201Z  WARN lambo::mcp::serve: mcp http: request refused by the rate limit
2026-08-17T20:41:40.179712Z  WARN lambo::mcp::serve: mcp http: request refused by the rate limit
2026-08-17T20:41:40.180524Z  WARN lambo::mcp::serve: mcp http: request refused by the rate limit
2026-08-17T20:41:40.181045Z  WARN lambo::mcp::serve: mcp http: request refused by the rate limit
2026-08-17T20:41:40.181361Z  WARN lambo::mcp::serve: mcp http: request refused by the rate limit
2026-08-17T20:41:40.181714Z  WARN lambo::mcp::serve: mcp http: request refused by the rate limit
2026-08-17T20:41:40.181941Z  WARN lambo::mcp::serve: mcp http: request refused by the rate limit
2026-08-17T20:41:40.182002Z  WARN lambo::mcp::serve: mcp http: request refused by the rate limit
2026-08-17T20:41:40.182661Z  WARN lambo::mcp::serve: mcp http: request refused by the rate limit
2026-08-17T20:41:40.182741Z  WARN lambo::mcp::serve: mcp http: request refused by the rate limit
2026-08-17T20:41:40.183431Z  WARN lambo::mcp::serve: mcp http: request refused by the rate limit
2026-08-17T20:41:40.183640Z  WARN lambo::mcp::serve: mcp http: request refused by the rate limit
2026-08-17T20:41:40.184144Z  WARN lambo::mcp::serve: mcp http: request refused by the rate limit
2026-08-17T20:41:40.184545Z  WARN lambo::mcp::serve: mcp http: request refused by the rate limit
2026-08-17T20:41:40.184965Z  WARN lambo::mcp::serve: mcp http: request refused by the rate limit
2026-08-17T20:41:40.185095Z  WARN lambo::mcp::serve: mcp http: request refused by the rate limit
2026-08-17T20:41:40.185157Z  WARN lambo::mcp::serve: mcp http: request refused by the rate limit
2026-08-17T20:41:40.185203Z  WARN lambo::mcp::serve: mcp http: request refused by the rate limit
2026-08-17T20:41:40.186170Z  WARN lambo::mcp::serve: mcp http: request refused by the rate limit
2026-08-17T20:41:40.186324Z  WARN lambo::mcp::serve: mcp http: request refused by the rate limit
2026-08-17T20:41:40.186708Z  WARN lambo::mcp::serve: mcp http: request refused by the rate limit
2026-08-17T20:41:40.187082Z  WARN lambo::mcp::serve: mcp http: request refused by the rate limit
2026-08-17T20:41:40.187541Z  WARN lambo::mcp::serve: mcp http: request refused by the rate limit
2026-08-17T20:41:40.187976Z  WARN lambo::mcp::serve: mcp http: request refused by the rate limit
2026-08-17T20:41:40.188150Z  WARN lambo::mcp::serve: mcp http: request refused by the rate limit
2026-08-17T20:41:40.188173Z  WARN lambo::mcp::serve: mcp http: request refused by the rate limit
2026-08-17T20:41:40.188582Z  WARN lambo::mcp::serve: mcp http: request refused by the rate limit
2026-08-17T20:41:40.188934Z  WARN lambo::mcp::serve: mcp http: request refused by the rate limit
2026-08-17T20:41:40.189401Z  WARN lambo::mcp::serve: mcp http: request refused by the rate limit
2026-08-17T20:41:40.189591Z  WARN lambo::mcp::serve: mcp http: request refused by the rate limit
2026-08-17T20:41:40.189654Z  WARN lambo::mcp::serve: mcp http: request refused by the rate limit
2026-08-17T20:41:40.189894Z  WARN lambo::mcp::serve: mcp http: request refused by the rate limit
2026-08-17T20:41:40.190148Z  WARN lambo::mcp::serve: mcp http: request refused by the rate limit
2026-08-17T20:41:40.190777Z  WARN lambo::mcp::serve: mcp http: request refused by the rate limit
2026-08-17T20:41:40.191049Z  WARN lambo::mcp::serve: mcp http: request refused by the rate limit
2026-08-17T20:41:40.191728Z  WARN lambo::mcp::serve: mcp http: request refused by the rate limit
2026-08-17T20:41:40.192005Z  WARN lambo::mcp::serve: mcp http: request refused by the rate limit
2026-08-17T20:41:40.192063Z  WARN lambo::mcp::serve: mcp http: request refused by the rate limit
2026-08-17T20:41:40.192306Z  WARN lambo::mcp::serve: mcp http: request refused by the rate limit
2026-08-17T20:41:40.193046Z  WARN lambo::mcp::serve: mcp http: request refused by the rate limit
2026-08-17T20:41:40.193501Z  WARN lambo::mcp::serve: mcp http: request refused by the rate limit
2026-08-17T20:41:40.193719Z  WARN lambo::mcp::serve: mcp http: request refused by the rate limit
2026-08-17T20:41:40.194023Z  WARN lambo::mcp::serve: mcp http: request refused by the rate limit
2026-08-17T20:41:40.194543Z  WARN lambo::mcp::serve: mcp http: request refused by the rate limit
2026-08-17T20:41:40.194722Z  WARN lambo::mcp::serve: mcp http: request refused by the rate limit
2026-08-17T20:41:40.194747Z  WARN lambo::mcp::serve: mcp http: request refused by the rate limit
2026-08-17T20:41:40.194764Z  WARN lambo::mcp::serve: mcp http: request refused by the rate limit
2026-08-17T20:41:40.195797Z  WARN lambo::mcp::serve: mcp http: request refused by the rate limit
2026-08-17T20:41:40.196599Z  WARN lambo::mcp::serve: mcp http: request refused by the rate limit
2026-08-17T20:41:40.196623Z  WARN lambo::mcp::serve: mcp http: request refused by the rate limit
2026-08-17T20:41:40.196740Z  WARN lambo::mcp::serve: mcp http: request refused by the rate limit
2026-08-17T20:41:40.196798Z  WARN lambo::mcp::serve: mcp http: request refused by the rate limit
2026-08-17T20:41:40.197892Z  WARN lambo::mcp::serve: mcp http: request refused by the rate limit
2026-08-17T20:41:40.198114Z  WARN lambo::mcp::serve: mcp http: request refused by the rate limit
2026-08-17T20:41:40.198114Z  WARN lambo::mcp::serve: mcp http: request refused by the rate limit
2026-08-17T20:41:40.198274Z  WARN lambo::mcp::serve: mcp http: request refused by the rate limit
2026-08-17T20:41:40.198818Z  WARN lambo::mcp::serve: mcp http: request refused by the rate limit
2026-08-17T20:41:40.199302Z  WARN lambo::mcp::serve: mcp http: request refused by the rate limit
2026-08-17T20:41:40.247301Z  WARN lambo::mcp::serve: mcp http: request refused by the rate limit
2026-08-17T20:41:40.247301Z  WARN lambo::mcp::serve: mcp http: request refused by the rate limit
2026-08-17T20:41:40.247367Z  WARN lambo::mcp::serve: mcp http: request refused by the rate limit
2026-08-17T20:41:40.247518Z  WARN lambo::mcp::serve: mcp http: request refused by the rate limit
2026-08-17T20:41:40.248483Z  WARN lambo::mcp::serve: mcp http: request refused by the rate limit
2026-08-17T20:41:40.249264Z  WARN lambo::mcp::serve: mcp http: request refused by the rate limit
2026-08-17T20:41:40.249505Z  WARN lambo::mcp::serve: mcp http: request refused by the rate limit
2026-08-17T20:41:40.249558Z  WARN lambo::mcp::serve: mcp http: request refused by the rate limit
2026-08-17T20:41:40.250073Z  WARN lambo::mcp::serve: mcp http: request refused by the rate limit
2026-08-17T20:41:40.298868Z  WARN lambo::mcp::serve: mcp http: request refused by the rate limit
2026-08-17T20:41:40.299372Z  WARN lambo::mcp::serve: mcp http: request refused by the rate limit
2026-08-17T20:41:40.299418Z  WARN lambo::mcp::serve: mcp http: request refused by the rate limit
2026-08-17T20:41:40.299552Z  WARN lambo::mcp::serve: mcp http: request refused by the rate limit
2026-08-17T20:41:40.299929Z  WARN lambo::mcp::serve: mcp http: request refused by the rate limit
2026-08-17T20:41:40.300560Z  WARN lambo::mcp::serve: mcp http: request refused by the rate limit
2026-08-17T20:41:40.301133Z  WARN lambo::mcp::serve: mcp http: request refused by the rate limit
2026-08-17T20:41:40.301290Z  WARN lambo::mcp::serve: mcp http: request refused by the rate limit
2026-08-17T20:41:40.301372Z  WARN lambo::mcp::serve: mcp http: request refused by the rate limit
2026-08-17T20:41:40.350025Z  WARN lambo::mcp::serve: mcp http: request refused by the rate limit
2026-08-17T20:41:40.350733Z  WARN lambo::mcp::serve: mcp http: request refused by the rate limit
2026-08-17T20:41:40.351073Z  WARN lambo::mcp::serve: mcp http: request refused by the rate limit
2026-08-17T20:41:40.351079Z  WARN lambo::mcp::serve: mcp http: request refused by the rate limit
2026-08-17T20:41:40.351704Z  WARN lambo::mcp::serve: mcp http: request refused by the rate limit
2026-08-17T20:41:40.352022Z  WARN lambo::mcp::serve: mcp http: request refused by the rate limit
2026-08-17T20:41:40.352798Z  WARN lambo::mcp::serve: mcp http: request refused by the rate limit
2026-08-17T20:41:40.352851Z  WARN lambo::mcp::serve: mcp http: request refused by the rate limit
2026-08-17T20:41:40.352929Z  WARN lambo::mcp::serve: mcp http: request refused by the rate limit
2026-08-17T20:41:40.352956Z  WARN lambo::mcp::serve: mcp http: request refused by the rate limit
2026-08-17T20:41:40.401585Z  WARN lambo::mcp::serve: mcp http: request refused by the rate limit
2026-08-17T20:41:40.402371Z  WARN lambo::mcp::serve: mcp http: request refused by the rate limit
2026-08-17T20:41:40.402719Z  WARN lambo::mcp::serve: mcp http: request refused by the rate limit
2026-08-17T20:41:40.403212Z  WARN lambo::mcp::serve: mcp http: request refused by the rate limit
2026-08-17T20:41:40.403564Z  WARN lambo::mcp::serve: mcp http: request refused by the rate limit
2026-08-17T20:41:40.404237Z  WARN lambo::mcp::serve: mcp http: request refused by the rate limit
2026-08-17T20:41:40.404590Z  WARN lambo::mcp::serve: mcp http: request refused by the rate limit
2026-08-17T20:41:40.404677Z  WARN lambo::mcp::serve: mcp http: request refused by the rate limit
2026-08-17T20:41:40.404720Z  WARN lambo::mcp::serve: mcp http: request refused by the rate limit
2026-08-17T20:41:40.453044Z  WARN lambo::mcp::serve: mcp http: request refused by the rate limit
2026-08-17T20:41:40.453151Z  WARN lambo::mcp::serve: mcp http: request refused by the rate limit
2026-08-17T20:41:40.453298Z  WARN lambo::mcp::serve: mcp http: request refused by the rate limit
2026-08-17T20:41:40.454472Z  WARN lambo::mcp::serve: mcp http: request refused by the rate limit
2026-08-17T20:41:40.454755Z  WARN lambo::mcp::serve: mcp http: request refused by the rate limit
2026-08-17T20:41:40.454859Z  WARN lambo::mcp::serve: mcp http: request refused by the rate limit
2026-08-17T20:41:40.455178Z  WARN lambo::mcp::serve: mcp http: request refused by the rate limit
2026-08-17T20:41:40.456011Z  WARN lambo::mcp::serve: mcp http: request refused by the rate limit
2026-08-17T20:41:40.456220Z  WARN lambo::mcp::serve: mcp http: request refused by the rate limit
2026-08-17T20:41:40.456312Z  WARN lambo::mcp::serve: mcp http: request refused by the rate limit
2026-08-17T20:41:40.505196Z  WARN lambo::mcp::serve: mcp http: request refused by the rate limit
2026-08-17T20:41:40.505264Z  WARN lambo::mcp::serve: mcp http: request refused by the rate limit
2026-08-17T20:41:40.505631Z  WARN lambo::mcp::serve: mcp http: request refused by the rate limit
2026-08-17T20:41:40.506627Z  WARN lambo::mcp::serve: mcp http: request refused by the rate limit
2026-08-17T20:41:40.506818Z  WARN lambo::mcp::serve: mcp http: request refused by the rate limit
2026-08-17T20:41:40.506874Z  WARN lambo::mcp::serve: mcp http: request refused by the rate limit
2026-08-17T20:41:40.507718Z  WARN lambo::mcp::serve: mcp http: request refused by the rate limit
2026-08-17T20:41:40.507931Z  WARN lambo::mcp::serve: mcp http: request refused by the rate limit
2026-08-17T20:41:40.507963Z  WARN lambo::mcp::serve: mcp http: request refused by the rate limit
2026-08-17T20:41:40.557514Z  WARN lambo::mcp::serve: mcp http: request refused by the rate limit
2026-08-17T20:41:40.557500Z  WARN lambo::mcp::serve: mcp http: request refused by the rate limit
2026-08-17T20:41:40.558789Z  WARN lambo::mcp::serve: mcp http: request refused by the rate limit
2026-08-17T20:41:40.559325Z  WARN lambo::mcp::serve: mcp http: request refused by the rate limit
2026-08-17T20:41:40.559537Z  WARN lambo::mcp::serve: mcp http: request refused by the rate limit
2026-08-17T20:41:40.559575Z  WARN lambo::mcp::serve: mcp http: request refused by the rate limit
2026-08-17T20:41:40.559597Z  WARN lambo::mcp::serve: mcp http: request refused by the rate limit
2026-08-17T20:41:40.559621Z  WARN lambo::mcp::serve: mcp http: request refused by the rate limit
2026-08-17T20:41:40.559662Z  WARN lambo::mcp::serve: mcp http: request refused by the rate limit
2026-08-17T20:41:40.609959Z  WARN lambo::mcp::serve: mcp http: request refused by the rate limit
2026-08-17T20:41:40.609990Z  WARN lambo::mcp::serve: mcp http: request refused by the rate limit
2026-08-17T20:41:40.611491Z  WARN lambo::mcp::serve: mcp http: request refused by the rate limit
2026-08-17T20:41:40.611797Z  WARN lambo::mcp::serve: mcp http: request refused by the rate limit
2026-08-17T20:41:40.611896Z  WARN lambo::mcp::serve: mcp http: request refused by the rate limit
2026-08-17T20:41:40.611987Z  WARN lambo::mcp::serve: mcp http: request refused by the rate limit
2026-08-17T20:41:40.612012Z  WARN lambo::mcp::serve: mcp http: request refused by the rate limit
2026-08-17T20:41:40.612273Z  WARN lambo::mcp::serve: mcp http: request refused by the rate limit
2026-08-17T20:41:40.612465Z  WARN lambo::mcp::serve: mcp http: request refused by the rate limit
2026-08-17T20:41:40.613597Z  WARN lambo::mcp::serve: mcp http: request refused by the rate limit
2026-08-17T20:41:40.662694Z  WARN lambo::mcp::serve: mcp http: request refused by the rate limit
2026-08-17T20:41:40.664222Z  WARN lambo::mcp::serve: mcp http: request refused by the rate limit
2026-08-17T20:41:40.664737Z  WARN lambo::mcp::serve: mcp http: request refused by the rate limit
2026-08-17T20:41:40.664876Z  WARN lambo::mcp::serve: mcp http: request refused by the rate limit
2026-08-17T20:41:40.664960Z  WARN lambo::mcp::serve: mcp http: request refused by the rate limit
2026-08-17T20:41:40.665009Z  WARN lambo::mcp::serve: mcp http: request refused by the rate limit
2026-08-17T20:41:40.665044Z  WARN lambo::mcp::serve: mcp http: request refused by the rate limit
2026-08-17T20:41:40.665097Z  WARN lambo::mcp::serve: mcp http: request refused by the rate limit
2026-08-17T20:41:40.665298Z  WARN lambo::mcp::serve: mcp http: request refused by the rate limit
2026-08-17T20:41:40.715474Z  WARN lambo::mcp::serve: mcp http: request refused by the rate limit
2026-08-17T20:41:40.715488Z  WARN lambo::mcp::serve: mcp http: request refused by the rate limit
2026-08-17T20:41:40.716455Z  WARN lambo::mcp::serve: mcp http: request refused by the rate limit
2026-08-17T20:41:40.717846Z  WARN lambo::mcp::serve: mcp http: request refused by the rate limit
2026-08-17T20:41:40.717954Z  WARN lambo::mcp::serve: mcp http: request refused by the rate limit
2026-08-17T20:41:40.718056Z  WARN lambo::mcp::serve: mcp http: request refused by the rate limit
2026-08-17T20:41:40.718060Z  WARN lambo::mcp::serve: mcp http: request refused by the rate limit
2026-08-17T20:41:40.718121Z  WARN lambo::mcp::serve: mcp http: request refused by the rate limit
2026-08-17T20:41:40.718136Z  WARN lambo::mcp::serve: mcp http: request refused by the rate limit
2026-08-17T20:41:40.718186Z  WARN lambo::mcp::serve: mcp http: request refused by the rate limit
2026-08-17T20:41:40.768263Z  WARN lambo::mcp::serve: mcp http: request refused by the rate limit
2026-08-17T20:41:40.768288Z  WARN lambo::mcp::serve: mcp http: request refused by the rate limit
2026-08-17T20:41:40.768943Z  WARN lambo::mcp::serve: mcp http: request refused by the rate limit
2026-08-17T20:41:40.769750Z  WARN lambo::mcp::serve: mcp http: request refused by the rate limit
2026-08-17T20:41:40.770109Z  WARN lambo::mcp::serve: mcp http: request refused by the rate limit
2026-08-17T20:41:40.770168Z  WARN lambo::mcp::serve: mcp http: request refused by the rate limit
2026-08-17T20:41:40.770214Z  WARN lambo::mcp::serve: mcp http: request refused by the rate limit
2026-08-17T20:41:40.770257Z  WARN lambo::mcp::serve: mcp http: request refused by the rate limit
2026-08-17T20:41:40.770385Z  WARN lambo::mcp::serve: mcp http: request refused by the rate limit
2026-08-17T20:41:40.819525Z  WARN lambo::mcp::serve: mcp http: request refused by the rate limit
2026-08-17T20:41:40.822277Z  WARN lambo::mcp::serve: mcp http: request refused by the rate limit
2026-08-17T20:41:40.822277Z  WARN lambo::mcp::serve: mcp http: request refused by the rate limit
2026-08-17T20:41:40.822541Z  WARN lambo::mcp::serve: mcp http: request refused by the rate limit
2026-08-17T20:41:40.822583Z  WARN lambo::mcp::serve: mcp http: request refused by the rate limit
2026-08-17T20:41:40.822607Z  WARN lambo::mcp::serve: mcp http: request refused by the rate limit
2026-08-17T20:41:40.822612Z  WARN lambo::mcp::serve: mcp http: request refused by the rate limit
2026-08-17T20:41:40.822671Z  WARN lambo::mcp::serve: mcp http: request refused by the rate limit
2026-08-17T20:41:40.823956Z  WARN lambo::mcp::serve: mcp http: request refused by the rate limit
2026-08-17T20:41:40.873310Z  WARN lambo::mcp::serve: mcp http: request refused by the rate limit
2026-08-17T20:41:40.873436Z  WARN lambo::mcp::serve: mcp http: request refused by the rate limit
2026-08-17T20:41:40.874528Z  WARN lambo::mcp::serve: mcp http: request refused by the rate limit
2026-08-17T20:41:40.874536Z  WARN lambo::mcp::serve: mcp http: request refused by the rate limit
2026-08-17T20:41:40.874753Z  WARN lambo::mcp::serve: mcp http: request refused by the rate limit
2026-08-17T20:41:40.874772Z  WARN lambo::mcp::serve: mcp http: request refused by the rate limit
2026-08-17T20:41:40.875027Z  WARN lambo::mcp::serve: mcp http: request refused by the rate limit
2026-08-17T20:41:40.875272Z  WARN lambo::mcp::serve: mcp http: request refused by the rate limit
2026-08-17T20:41:40.876043Z  WARN lambo::mcp::serve: mcp http: request refused by the rate limit
2026-08-17T20:41:40.877985Z  WARN lambo::mcp::serve: mcp http: request refused by the rate limit
2026-08-17T20:41:40.924936Z  WARN lambo::mcp::serve: mcp http: request refused by the rate limit
2026-08-17T20:41:40.925868Z  WARN lambo::mcp::serve: mcp http: request refused by the rate limit
2026-08-17T20:41:40.925950Z  WARN lambo::mcp::serve: mcp http: request refused by the rate limit
2026-08-17T20:41:40.926919Z  WARN lambo::mcp::serve: mcp http: request refused by the rate limit
2026-08-17T20:41:40.927137Z  WARN lambo::mcp::serve: mcp http: request refused by the rate limit
2026-08-17T20:41:40.927167Z  WARN lambo::mcp::serve: mcp http: request refused by the rate limit
2026-08-17T20:41:40.927230Z  WARN lambo::mcp::serve: mcp http: request refused by the rate limit
2026-08-17T20:41:40.927323Z  WARN lambo::mcp::serve: mcp http: request refused by the rate limit
2026-08-17T20:41:40.928608Z  WARN lambo::mcp::serve: mcp http: request refused by the rate limit
2026-08-17T20:41:40.976863Z  WARN lambo::mcp::serve: mcp http: request refused by the rate limit
2026-08-17T20:41:40.977709Z  WARN lambo::mcp::serve: mcp http: request refused by the rate limit
2026-08-17T20:41:40.977983Z  WARN lambo::mcp::serve: mcp http: request refused by the rate limit
2026-08-17T20:41:40.979225Z  WARN lambo::mcp::serve: mcp http: request refused by the rate limit
2026-08-17T20:41:40.979441Z  WARN lambo::mcp::serve: mcp http: request refused by the rate limit
2026-08-17T20:41:40.979554Z  WARN lambo::mcp::serve: mcp http: request refused by the rate limit
2026-08-17T20:41:40.979568Z  WARN lambo::mcp::serve: mcp http: request refused by the rate limit
2026-08-17T20:41:40.979630Z  WARN lambo::mcp::serve: mcp http: request refused by the rate limit
2026-08-17T20:41:40.979667Z  WARN lambo::mcp::serve: mcp http: request refused by the rate limit
2026-08-17T20:41:40.979846Z  WARN lambo::mcp::serve: mcp http: request refused by the rate limit
2026-08-17T20:41:41.029725Z  WARN lambo::mcp::serve: mcp http: request refused by the rate limit
2026-08-17T20:41:41.030041Z  WARN lambo::mcp::serve: mcp http: request refused by the rate limit
2026-08-17T20:41:41.030285Z  WARN lambo::mcp::serve: mcp http: request refused by the rate limit
2026-08-17T20:41:41.031519Z  WARN lambo::mcp::serve: mcp http: request refused by the rate limit
2026-08-17T20:41:41.031570Z  WARN lambo::mcp::serve: mcp http: request refused by the rate limit
2026-08-17T20:41:41.031810Z  WARN lambo::mcp::serve: mcp http: request refused by the rate limit
2026-08-17T20:41:41.031877Z  WARN lambo::mcp::serve: mcp http: request refused by the rate limit
2026-08-17T20:41:41.032314Z  WARN lambo::mcp::serve: mcp http: request refused by the rate limit
2026-08-17T20:41:41.032479Z  WARN lambo::mcp::serve: mcp http: request refused by the rate limit
2026-08-17T20:41:41.082005Z  WARN lambo::mcp::serve: mcp http: request refused by the rate limit
2026-08-17T20:41:41.082471Z  WARN lambo::mcp::serve: mcp http: request refused by the rate limit
2026-08-17T20:41:41.083100Z  WARN lambo::mcp::serve: mcp http: request refused by the rate limit
2026-08-17T20:41:41.083503Z  WARN lambo::mcp::serve: mcp http: request refused by the rate limit
2026-08-17T20:41:41.083715Z  WARN lambo::mcp::serve: mcp http: request refused by the rate limit
2026-08-17T20:41:41.083735Z  WARN lambo::mcp::serve: mcp http: request refused by the rate limit
2026-08-17T20:41:41.083942Z  WARN lambo::mcp::serve: mcp http: request refused by the rate limit
2026-08-17T20:41:41.084113Z  WARN lambo::mcp::serve: mcp http: request refused by the rate limit
2026-08-17T20:41:41.087542Z  WARN lambo::mcp::serve: mcp http: request refused by the rate limit
2026-08-17T20:41:41.134561Z  WARN lambo::mcp::serve: mcp http: request refused by the rate limit
2026-08-17T20:41:41.134641Z  WARN lambo::mcp::serve: mcp http: request refused by the rate limit
2026-08-17T20:41:41.134720Z  WARN lambo::mcp::serve: mcp http: request refused by the rate limit
2026-08-17T20:41:41.135601Z  WARN lambo::mcp::serve: mcp http: request refused by the rate limit
2026-08-17T20:41:41.135982Z  WARN lambo::mcp::serve: mcp http: request refused by the rate limit
2026-08-17T20:41:41.136234Z  WARN lambo::mcp::serve: mcp http: request refused by the rate limit
2026-08-17T20:41:41.136387Z  WARN lambo::mcp::serve: mcp http: request refused by the rate limit
2026-08-17T20:41:41.136513Z  WARN lambo::mcp::serve: mcp http: request refused by the rate limit
2026-08-17T20:41:41.137326Z  WARN lambo::mcp::serve: mcp http: request refused by the rate limit
2026-08-17T20:41:41.138153Z  WARN lambo::mcp::serve: mcp http: request refused by the rate limit
2026-08-17T20:41:41.187104Z  WARN lambo::mcp::serve: mcp http: request refused by the rate limit
2026-08-17T20:41:41.187167Z  WARN lambo::mcp::serve: mcp http: request refused by the rate limit
2026-08-17T20:41:41.188354Z  WARN lambo::mcp::serve: mcp http: request refused by the rate limit
2026-08-17T20:41:41.188695Z  WARN lambo::mcp::serve: mcp http: request refused by the rate limit
2026-08-17T20:41:41.188916Z  WARN lambo::mcp::serve: mcp http: request refused by the rate limit
2026-08-17T20:41:41.189032Z  WARN lambo::mcp::serve: mcp http: request refused by the rate limit
2026-08-17T20:41:41.189117Z  WARN lambo::mcp::serve: mcp http: request refused by the rate limit
2026-08-17T20:41:41.189793Z  WARN lambo::mcp::serve: mcp http: request refused by the rate limit
2026-08-17T20:41:41.190176Z  WARN lambo::mcp::serve: mcp http: request refused by the rate limit
2026-08-17T20:41:41.240283Z  WARN lambo::mcp::serve: mcp http: request refused by the rate limit
2026-08-17T20:41:41.241082Z  WARN lambo::mcp::serve: mcp http: request refused by the rate limit
2026-08-17T20:41:41.241300Z  WARN lambo::mcp::serve: mcp http: request refused by the rate limit
2026-08-17T20:41:41.241945Z  WARN lambo::mcp::serve: mcp http: request refused by the rate limit
2026-08-17T20:41:41.242053Z  WARN lambo::mcp::serve: mcp http: request refused by the rate limit
2026-08-17T20:41:41.242256Z  WARN lambo::mcp::serve: mcp http: request refused by the rate limit
2026-08-17T20:41:41.242268Z  WARN lambo::mcp::serve: mcp http: request refused by the rate limit
2026-08-17T20:41:41.242293Z  WARN lambo::mcp::serve: mcp http: request refused by the rate limit
2026-08-17T20:41:41.242990Z  WARN lambo::mcp::serve: mcp http: request refused by the rate limit
2026-08-17T20:41:41.294613Z  WARN lambo::mcp::serve: mcp http: request refused by the rate limit
2026-08-17T20:41:41.294702Z  WARN lambo::mcp::serve: mcp http: request refused by the rate limit
2026-08-17T20:41:41.294862Z  WARN lambo::mcp::serve: mcp http: request refused by the rate limit
2026-08-17T20:41:41.294913Z  WARN lambo::mcp::serve: mcp http: request refused by the rate limit
2026-08-17T20:41:41.294946Z  WARN lambo::mcp::serve: mcp http: request refused by the rate limit
2026-08-17T20:41:41.295311Z  WARN lambo::mcp::serve: mcp http: request refused by the rate limit
2026-08-17T20:41:41.295411Z  WARN lambo::mcp::serve: mcp http: request refused by the rate limit
2026-08-17T20:41:41.295823Z  WARN lambo::mcp::serve: mcp http: request refused by the rate limit
2026-08-17T20:41:41.296063Z  WARN lambo::mcp::serve: mcp http: request refused by the rate limit
2026-08-17T20:41:41.297936Z  WARN lambo::mcp::serve: mcp http: request refused by the rate limit
2026-08-17T20:41:41.346968Z  WARN lambo::mcp::serve: mcp http: request refused by the rate limit
2026-08-17T20:41:41.348470Z  WARN lambo::mcp::serve: mcp http: request refused by the rate limit
2026-08-17T20:41:41.348575Z  WARN lambo::mcp::serve: mcp http: request refused by the rate limit
2026-08-17T20:41:41.348571Z  WARN lambo::mcp::serve: mcp http: request refused by the rate limit
2026-08-17T20:41:41.348856Z  WARN lambo::mcp::serve: mcp http: request refused by the rate limit
2026-08-17T20:41:41.348893Z  WARN lambo::mcp::serve: mcp http: request refused by the rate limit
2026-08-17T20:41:41.349621Z  WARN lambo::mcp::serve: mcp http: request refused by the rate limit
2026-08-17T20:41:41.350016Z  WARN lambo::mcp::serve: mcp http: request refused by the rate limit
2026-08-17T20:41:41.350202Z  WARN lambo::mcp::serve: mcp http: request refused by the rate limit
2026-08-17T20:41:41.399566Z  WARN lambo::mcp::serve: mcp http: request refused by the rate limit
2026-08-17T20:41:41.401566Z  WARN lambo::mcp::serve: mcp http: request refused by the rate limit
2026-08-17T20:41:41.401566Z  WARN lambo::mcp::serve: mcp http: request refused by the rate limit
2026-08-17T20:41:41.401597Z  WARN lambo::mcp::serve: mcp http: request refused by the rate limit
2026-08-17T20:41:41.401786Z  WARN lambo::mcp::serve: mcp http: request refused by the rate limit
2026-08-17T20:41:41.402092Z  WARN lambo::mcp::serve: mcp http: request refused by the rate limit
2026-08-17T20:41:41.402254Z  WARN lambo::mcp::serve: mcp http: request refused by the rate limit
2026-08-17T20:41:41.402400Z  WARN lambo::mcp::serve: mcp http: request refused by the rate limit
2026-08-17T20:41:41.404019Z  WARN lambo::mcp::serve: mcp http: request refused by the rate limit
2026-08-17T20:41:41.454904Z  WARN lambo::mcp::serve: mcp http: request refused by the rate limit
2026-08-17T20:41:41.455154Z  WARN lambo::mcp::serve: mcp http: request refused by the rate limit
2026-08-17T20:41:41.455301Z  WARN lambo::mcp::serve: mcp http: request refused by the rate limit
2026-08-17T20:41:41.455393Z  WARN lambo::mcp::serve: mcp http: request refused by the rate limit
2026-08-17T20:41:41.455415Z  WARN lambo::mcp::serve: mcp http: request refused by the rate limit
2026-08-17T20:41:41.455429Z  WARN lambo::mcp::serve: mcp http: request refused by the rate limit
2026-08-17T20:41:41.455574Z  WARN lambo::mcp::serve: mcp http: request refused by the rate limit
2026-08-17T20:41:41.455601Z  WARN lambo::mcp::serve: mcp http: request refused by the rate limit
2026-08-17T20:41:41.455780Z  WARN lambo::mcp::serve: mcp http: request refused by the rate limit
2026-08-17T20:41:41.456554Z  WARN lambo::mcp::serve: mcp http: request refused by the rate limit
2026-08-17T20:41:41.508621Z  WARN lambo::mcp::serve: mcp http: request refused by the rate limit
2026-08-17T20:41:41.508736Z  WARN lambo::mcp::serve: mcp http: request refused by the rate limit
2026-08-17T20:41:41.508794Z  WARN lambo::mcp::serve: mcp http: request refused by the rate limit
2026-08-17T20:41:41.508949Z  WARN lambo::mcp::serve: mcp http: request refused by the rate limit
2026-08-17T20:41:41.508955Z  WARN lambo::mcp::serve: mcp http: request refused by the rate limit
2026-08-17T20:41:41.508958Z  WARN lambo::mcp::serve: mcp http: request refused by the rate limit
2026-08-17T20:41:41.509231Z  WARN lambo::mcp::serve: mcp http: request refused by the rate limit
2026-08-17T20:41:41.509780Z  WARN lambo::mcp::serve: mcp http: request refused by the rate limit
2026-08-17T20:41:41.512501Z  WARN lambo::mcp::serve: mcp http: request refused by the rate limit
2026-08-17T20:41:41.561990Z  WARN lambo::mcp::serve: mcp http: request refused by the rate limit
2026-08-17T20:41:41.561988Z  WARN lambo::mcp::serve: mcp http: request refused by the rate limit
2026-08-17T20:41:41.562025Z  WARN lambo::mcp::serve: mcp http: request refused by the rate limit
2026-08-17T20:41:41.562054Z  WARN lambo::mcp::serve: mcp http: request refused by the rate limit
2026-08-17T20:41:41.562169Z  WARN lambo::mcp::serve: mcp http: request refused by the rate limit
2026-08-17T20:41:41.562308Z  WARN lambo::mcp::serve: mcp http: request refused by the rate limit
2026-08-17T20:41:41.563189Z  WARN lambo::mcp::serve: mcp http: request refused by the rate limit
2026-08-17T20:41:41.564317Z  WARN lambo::mcp::serve: mcp http: request refused by the rate limit
2026-08-17T20:41:41.564572Z  WARN lambo::mcp::serve: mcp http: request refused by the rate limit
2026-08-17T20:41:41.615236Z  WARN lambo::mcp::serve: mcp http: request refused by the rate limit
2026-08-17T20:41:41.615393Z  WARN lambo::mcp::serve: mcp http: request refused by the rate limit
2026-08-17T20:41:41.615403Z  WARN lambo::mcp::serve: mcp http: request refused by the rate limit
2026-08-17T20:41:41.615519Z  WARN lambo::mcp::serve: mcp http: request refused by the rate limit
2026-08-17T20:41:41.615683Z  WARN lambo::mcp::serve: mcp http: request refused by the rate limit
2026-08-17T20:41:41.615909Z  WARN lambo::mcp::serve: mcp http: request refused by the rate limit
2026-08-17T20:41:41.615976Z  WARN lambo::mcp::serve: mcp http: request refused by the rate limit
2026-08-17T20:41:41.616193Z  WARN lambo::mcp::serve: mcp http: request refused by the rate limit
2026-08-17T20:41:41.616674Z  WARN lambo::mcp::serve: mcp http: request refused by the rate limit
2026-08-17T20:41:41.667055Z  WARN lambo::mcp::serve: mcp http: request refused by the rate limit
2026-08-17T20:41:41.667281Z  WARN lambo::mcp::serve: mcp http: request refused by the rate limit
2026-08-17T20:41:41.668728Z  WARN lambo::mcp::serve: mcp http: request refused by the rate limit
2026-08-17T20:41:41.668793Z  WARN lambo::mcp::serve: mcp http: request refused by the rate limit
2026-08-17T20:41:41.668871Z  WARN lambo::mcp::serve: mcp http: request refused by the rate limit
2026-08-17T20:41:41.668956Z  WARN lambo::mcp::serve: mcp http: request refused by the rate limit
2026-08-17T20:41:41.669096Z  WARN lambo::mcp::serve: mcp http: request refused by the rate limit
2026-08-17T20:41:41.669132Z  WARN lambo::mcp::serve: mcp http: request refused by the rate limit
2026-08-17T20:41:41.674308Z  WARN lambo::mcp::serve: mcp http: request refused by the rate limit
2026-08-17T20:41:41.674540Z  WARN lambo::mcp::serve: mcp http: request refused by the rate limit
2026-08-17T20:41:41.719226Z  WARN lambo::mcp::serve: mcp http: request refused by the rate limit
2026-08-17T20:41:41.719967Z  WARN lambo::mcp::serve: mcp http: request refused by the rate limit
2026-08-17T20:41:41.720930Z  WARN lambo::mcp::serve: mcp http: request refused by the rate limit
2026-08-17T20:41:41.720994Z  WARN lambo::mcp::serve: mcp http: request refused by the rate limit
2026-08-17T20:41:41.721002Z  WARN lambo::mcp::serve: mcp http: request refused by the rate limit
2026-08-17T20:41:41.721213Z  WARN lambo::mcp::serve: mcp http: request refused by the rate limit
2026-08-17T20:41:41.721489Z  WARN lambo::mcp::serve: mcp http: request refused by the rate limit
2026-08-17T20:41:41.725373Z  WARN lambo::mcp::serve: mcp http: request refused by the rate limit
2026-08-17T20:41:41.725400Z  WARN lambo::mcp::serve: mcp http: request refused by the rate limit
2026-08-17T20:41:59.662449Z ERROR lambo::mcp::server: mcp: tool returned a Memory error — full detail logged, class returned to the caller tool="lambo_derive" error=backend: hybrid derive could not commit after 8 concurrent graph changes
2026-08-17T20:42:04.381837Z ERROR lambo::mcp::server: mcp: tool returned a Memory error — full detail logged, class returned to the caller tool="lambo_derive" error=backend: hybrid derive could not commit after 8 concurrent graph changes
2026-08-17T20:42:08.491456Z ERROR lambo::mcp::server: mcp: tool returned a Memory error — full detail logged, class returned to the caller tool="lambo_derive" error=backend: hybrid derive could not commit after 8 concurrent graph changes
2026-08-17T20:42:08.848877Z ERROR lambo::mcp::server: mcp: tool returned a Memory error — full detail logged, class returned to the caller tool="lambo_derive" error=backend: hybrid derive could not commit after 8 concurrent graph changes
2026-08-17T20:42:09.011626Z ERROR lambo::mcp::server: mcp: tool returned a Memory error — full detail logged, class returned to the caller tool="lambo_derive" error=backend: hybrid derive could not commit after 8 concurrent graph changes
2026-08-17T20:42:10.426544Z ERROR lambo::mcp::server: mcp: tool returned a Memory error — full detail logged, class returned to the caller tool="lambo_derive" error=backend: hybrid derive could not commit after 8 concurrent graph changes
2026-08-17T20:42:10.962520Z ERROR lambo::mcp::server: mcp: tool returned a Memory error — full detail logged, class returned to the caller tool="lambo_derive" error=backend: hybrid derive could not commit after 8 concurrent graph changes
2026-08-17T20:42:11.343416Z ERROR lambo::mcp::server: mcp: tool returned a Memory error — full detail logged, class returned to the caller tool="lambo_derive" error=backend: hybrid derive could not commit after 8 concurrent graph changes
2026-08-17T20:42:11.367525Z ERROR lambo::mcp::server: mcp: tool returned a Memory error — full detail logged, class returned to the caller tool="lambo_derive" error=backend: hybrid derive could not commit after 8 concurrent graph changes
2026-08-17T20:42:13.738555Z ERROR lambo::mcp::server: mcp: tool returned a Memory error — full detail logged, class returned to the caller tool="lambo_derive" error=backend: hybrid derive could not commit after 8 concurrent graph changes
2026-08-17T20:42:13.742391Z ERROR lambo::mcp::server: mcp: tool returned a Memory error — full detail logged, class returned to the caller tool="lambo_derive" error=backend: hybrid derive could not commit after 8 concurrent graph changes
2026-08-17T20:42:14.354893Z ERROR lambo::mcp::server: mcp: tool returned a Memory error — full detail logged, class returned to the caller tool="lambo_derive" error=backend: hybrid derive could not commit after 8 concurrent graph changes
2026-08-17T20:42:14.565990Z ERROR lambo::mcp::server: mcp: tool returned a Memory error — full detail logged, class returned to the caller tool="lambo_derive" error=backend: hybrid derive could not commit after 8 concurrent graph changes
2026-08-17T20:42:15.687651Z ERROR lambo::mcp::server: mcp: tool returned a Memory error — full detail logged, class returned to the caller tool="lambo_derive" error=backend: hybrid derive could not commit after 8 concurrent graph changes
2026-08-17T20:42:15.881895Z ERROR lambo::mcp::server: mcp: tool returned a Memory error — full detail logged, class returned to the caller tool="lambo_derive" error=backend: hybrid derive could not commit after 8 concurrent graph changes
2026-08-17T20:42:16.115233Z ERROR lambo::mcp::server: mcp: tool returned a Memory error — full detail logged, class returned to the caller tool="lambo_derive" error=backend: hybrid derive could not commit after 8 concurrent graph changes
2026-08-17T20:42:18.787229Z ERROR lambo::mcp::server: mcp: tool returned a Memory error — full detail logged, class returned to the caller tool="lambo_derive" error=backend: hybrid derive could not commit after 8 concurrent graph changes
2026-08-17T20:42:19.045638Z ERROR lambo::mcp::server: mcp: tool returned a Memory error — full detail logged, class returned to the caller tool="lambo_derive" error=backend: hybrid derive could not commit after 8 concurrent graph changes
2026-08-17T20:42:20.343967Z ERROR lambo::mcp::server: mcp: tool returned a Memory error — full detail logged, class returned to the caller tool="lambo_derive" error=backend: hybrid derive could not commit after 8 concurrent graph changes
2026-08-17T20:42:25.503571Z ERROR lambo::mcp::server: mcp: tool returned a Memory error — full detail logged, class returned to the caller tool="lambo_derive" error=backend: hybrid derive could not commit after 8 concurrent graph changes
2026-08-17T20:42:25.508652Z ERROR lambo::mcp::server: mcp: tool returned a Memory error — full detail logged, class returned to the caller tool="lambo_derive" error=backend: hybrid derive could not commit after 8 concurrent graph changes
2026-08-17T20:42:30.695920Z DEBUG lambo::daemon::gc: GC sweep complete edges_removed=0 concepts_collected=107 survivors=1326 survivors_deferred=826 canonical_count=0 canonical_over_budget=false epoch_after=12719
2026-08-17T20:42:31.788025Z  INFO lambo::mcp::serve: lambo serve: shutdown signal received, winding down
2026-08-17T20:42:33.118846Z  INFO lambo::mcp::serve: lambo serve: session closed, tail durable
